Aviez-vous l’intention de changer de 2-roues motorisé en 2020 ?;;Changement de moto en 2020 ?;Changé d'avis ?;Ne voulait pas mais a changé d'avis pour finalement changer de moto?
Oui, vous allez changer de 2-roues d’ici la fin de l’année.;;Oui;Non;Non
Non;;Non;Non;Non
Non;;Non;Non;Non
Non;;Non;Non;Non
Non, vous n’aviez pas l’intention d’en changer, mais vous avez changé d’avis.;;Oui;Oui;Oui
Non;;Non;Non;Non
Non;;Non;Non;Non
Non;;Non;Non;Non
Non;;Non;Non;Non
Non;;Non;Non;Non
Non;;Non;Non;Non
Non;;Non;Non;Non
Non;;Non;Non;Non
Non;;Non;Non;Non
Oui, vous avez déjà changé de 2-roues cette année.;;Oui;Non;Non
Non;;Non;Non;Non
Non;;Non;Non;Non
Non;;Non;Non;Non
Non;;Non;Non;Non
Non;;Non;Non;Non
Oui, vous aviez l’intention mais vous avez changé d’avis.;;Non;Oui;Non
Non, vous n’aviez pas l’intention d’en changer, mais vous avez changé d’avis.;;Oui;Oui;Oui
Oui, vous aviez l’intention mais vous avez changé d’avis.;;Non;Oui;Non
Non, vous n’aviez pas l’intention d’en changer, mais vous avez changé d’avis.;;Oui;Oui;Oui
Non;;Non;Non;Non
Non;;Non;Non;Non
Non;;Non;Non;Non
Non;;Non;Non;Non
Non;;Non;Non;Non
Non;;Non;Non;Non
Non;;Non;Non;Non
Non;;Non;Non;Non
Non;;Non;Non;Non
Non;;Non;Non;Non
Non;;Non;Non;Non
Non;;Non;Non;Non
Non;;Non;Non;Non
Non;;Non;Non;Non
Non;;Non;Non;Non
Oui, vous aviez l’intention mais vous avez changé d’avis.;;Non;Oui;Non
Non;;Non;Non;Non
Non;;Non;Non;Non
Non;;Non;Non;Non
Non;;Non;Non;Non
Oui, vous aviez l’intention mais vous avez changé d’avis.;;Non;Oui;Non
Non;;Non;Non;Non
Non;;Non;Non;Non
Non;;Non;Non;Non
Oui, vous aviez l’intention mais vous avez changé d’avis.;;Non;Oui;Non
Non;;Non;Non;Non
Non;;Non;Non;Non
Oui, vous avez déjà changé de 2-roues cette année.;;Oui;Non;Non
Non;;Non;Non;Non
Non;;Non;Non;Non
Non;;Non;Non;Non
Non;;Non;Non;Non
Non;;Non;Non;Non
Non;;Non;Non;Non
Non;;Non;Non;Non
Non;;Non;Non;Non
Non;;Non;Non;Non
Non;;Non;Non;Non
Non;;Non;Non;Non
Non;;Non;Non;Non
Non;;Non;Non;Non
Oui, vous aviez l’intention mais vous avez changé d’avis.;;Non;Oui;Non
Non;;Non;Non;Non
Oui, vous aviez l’intention mais vous avez changé d’avis.;;Non;Oui;Non
Non;;Non;Non;Non
Non;;Non;Non;Non
Oui, vous avez déjà changé de 2-roues cette année.;;Oui;Non;Non
Non;;Non;Non;Non
Oui, vous allez changer de 2-roues d’ici la fin de l’année.;;Oui;Non;Non
Non;;Non;Non;Non
Non;;Non;Non;Non
Non;;Non;Non;Non
Non;;Non;Non;Non
Non;;Non;Non;Non
Non;;Non;Non;Non
Non;;Non;Non;Non
Non;;Non;Non;Non
Non;;Non;Non;Non
Non;;Non;Non;Non
Non;;Non;Non;Non
Non;;Non;Non;Non
Non;;Non;Non;Non
Non;;Non;Non;Non
Non;;Non;Non;Non
Oui, vous avez déjà changé de 2-roues cette année.;;Oui;Non;Non
Non;;Non;Non;Non
Oui, vous aviez l’intention mais vous avez changé d’avis.;;Non;Oui;Non
Non;;Non;Non;Non
Non;;Non;Non;Non
Non;;Non;Non;Non
Non;;Non;Non;Non
Non;;Non;Non;Non
Non;;Non;Non;Non
Non;;Non;Non;Non
Oui, vous allez changer de 2-roues d’ici la fin de l’année.;;Oui;Non;Non
Non;;Non;Non;Non
Non;;Non;Non;Non
Non;;Non;Non;Non
Non;;Non;Non;Non
Non;;Non;Non;Non
Non;;Non;Non;Non
Non;;Non;Non;Non
Non;;Non;Non;Non
Non;;Non;Non;Non
Non;;Non;Non;Non
Non;;Non;Non;Non
Non;;Non;Non;Non
Non;;Non;Non;Non
Oui, vous aviez l’intention mais vous avez changé d’avis.;;Non;Oui;Non
Non;;Non;Non;Non
Oui, vous allez changer de 2-roues d’ici la fin de l’année.;;Oui;Non;Non
Oui, vous aviez l’intention mais vous avez changé d’avis.;;Non;Oui;Non
Oui, vous allez changer de 2-roues d’ici la fin de l’année.;;Oui;Non;Non
Oui, vous allez changer de 2-roues d’ici la fin de l’année.;;Oui;Non;Non
Oui, vous allez changer de 2-roues d’ici la fin de l’année.;;Oui;Non;Non
Oui, vous allez changer de 2-roues d’ici la fin de l’année.;;Oui;Non;Non
Oui, vous aviez l’intention mais vous avez changé d’avis.;;Non;Oui;Non
Non;;Non;Non;Non
Non;;Non;Non;Non
Non;;Non;Non;Non
Non, vous n’aviez pas l’intention d’en changer, mais vous avez changé d’avis.;;Oui;Oui;Oui
Non;;Non;Non;Non
Non;;Non;Non;Non
Non;;Non;Non;Non
Non;;Non;Non;Non
Non;;Non;Non;Non
Oui, vous allez changer de 2-roues d’ici la fin de l’année.;;Oui;Non;Non
Non;;Non;Non;Non
Non;;Non;Non;Non
Non;;Non;Non;Non
Non;;Non;Non;Non
Oui, vous aviez l’intention mais vous avez changé d’avis.;;Non;Oui;Non
Oui, vous aviez l’intention mais vous avez changé d’avis.;;Non;Oui;Non
Non;;Non;Non;Non
Non;;Non;Non;Non
Oui, vous aviez l’intention mais vous avez changé d’avis.;;Non;Oui;Non
Non;;Non;Non;Non
Non;;Non;Non;Non
Non;;Non;Non;Non
Non;;Non;Non;Non
Non;;Non;Non;Non
Non;;Non;Non;Non
Non;;Non;Non;Non
Non;;Non;Non;Non
Non;;Non;Non;Non
Oui, vous avez déjà changé de 2-roues cette année.;;Oui;Non;Non
Non;;Non;Non;Non
Non;;Non;Non;Non
Non;;Non;Non;Non
Non;;Non;Non;Non
Non;;Non;Non;Non
Non;;Non;Non;Non
Oui, vous allez changer de 2-roues d’ici la fin de l’année.;;Oui;Non;Non
Non;;Non;Non;Non
Non;;Non;Non;Non
Non;;Non;Non;Non
Non;;Non;Non;Non
Non;;Non;Non;Non
Oui, vous avez déjà changé de 2-roues cette année.;;Oui;Non;Non
Oui, vous aviez l’intention mais vous avez changé d’avis.;;Non;Oui;Non
Non;;Non;Non;Non
Non;;Non;Non;Non
Non;;Non;Non;Non
Non;;Non;Non;Non
Oui, vous allez changer de 2-roues d’ici la fin de l’année.;;Oui;Non;Non
Non;;Non;Non;Non
Oui, vous allez changer de 2-roues d’ici la fin de l’année.;;Oui;Non;Non
Non;;Non;Non;Non
Non;;Non;Non;Non
Non;;Non;Non;Non
Non;;Non;Non;Non
Non;;Non;Non;Non
Non;;Non;Non;Non
Oui, vous allez changer de 2-roues d’ici la fin de l’année.;;Oui;Non;Non
Non;;Non;Non;Non
Oui, vous aviez l’intention mais vous avez changé d’avis.;;Non;Oui;Non
Non;;Non;Non;Non
Non;;Non;Non;Non
Non;;Non;Non;Non
Non;;Non;Non;Non
Non;;Non;Non;Non
Non;;Non;Non;Non
Non;;Non;Non;Non
Non;;Non;Non;Non
Oui, vous avez déjà changé de 2-roues cette année.;;Oui;Non;Non
Non;;Non;Non;Non
Non;;Non;Non;Non
Oui, vous allez changer de 2-roues d’ici la fin de l’année.;;Oui;Non;Non
Non;;Non;Non;Non
Non;;Non;Non;Non
Oui, vous avez déjà changé de 2-roues cette année.;;Oui;Non;Non
Oui, vous avez déjà changé de 2-roues cette année.;;Oui;Non;Non
Non;;Non;Non;Non
Non;;Non;Non;Non
Non;;Non;Non;Non
Non;;Non;Non;Non
Oui, vous allez changer de 2-roues d’ici la fin de l’année.;;Oui;Non;Non
Non;;Non;Non;Non
Non;;Non;Non;Non
Non;;Non;Non;Non
Non;;Non;Non;Non
Non;;Non;Non;Non
Non;;Non;Non;Non
Non;;Non;Non;Non
Oui, vous aviez l’intention mais vous avez changé d’avis.;;Non;Oui;Non
Non;;Non;Non;Non
Non;;Non;Non;Non
Non;;Non;Non;Non
Oui, vous avez déjà changé de 2-roues cette année.;;Oui;Non;Non
Oui, vous avez déjà changé de 2-roues cette année.;;Oui;Non;Non
Non;;Non;Non;Non
Non;;Non;Non;Non
Non;;Non;Non;Non
Non;;Non;Non;Non
Non;;Non;Non;Non
Non;;Non;Non;Non
Non;;Non;Non;Non
Non;;Non;Non;Non
Non;;Non;Non;Non
Non;;Non;Non;Non
Non;;Non;Non;Non
Non;;Non;Non;Non
Non;;Non;Non;Non
Oui, vous allez changer de 2-roues d’ici la fin de l’année.;;Oui;Non;Non
Non;;Non;Non;Non
Non;;Non;Non;Non
Non, vous n’aviez pas l’intention d’en changer, mais vous avez changé d’avis.;;Oui;Oui;Oui
Non;;Non;Non;Non
Oui, vous allez changer de 2-roues d’ici la fin de l’année.;;Oui;Non;Non
Non;;Non;Non;Non
Non;;Non;Non;Non
Non;;Non;Non;Non
Non;;Non;Non;Non
Non;;Non;Non;Non
Non;;Non;Non;Non
Non, vous n’aviez pas l’intention d’en changer, mais vous avez changé d’avis.;;Oui;Oui;Oui
Non;;Non;Non;Non
Non;;Non;Non;Non
Oui, vous allez changer de 2-roues d’ici la fin de l’année.;;Oui;Non;Non
Non;;Non;Non;Non
Non;;Non;Non;Non
Oui, vous avez déjà changé de 2-roues cette année.;;Oui;Non;Non
Non;;Non;Non;Non
Non;;Non;Non;Non
Non;;Non;Non;Non
Non;;Non;Non;Non
Oui, vous aviez l’intention mais vous avez changé d’avis.;;Non;Oui;Non
Oui, vous allez changer de 2-roues d’ici la fin de l’année.;;Oui;Non;Non
Oui, vous avez déjà changé de 2-roues cette année.;;Oui;Non;Non
Oui, vous allez changer de 2-roues d’ici la fin de l’année.;;Oui;Non;Non
Non;;Non;Non;Non
Oui, vous allez changer de 2-roues d’ici la fin de l’année.;;Oui;Non;Non
Non, vous n’aviez pas l’intention d’en changer, mais vous avez changé d’avis.;;Oui;Oui;Oui
Non;;Non;Non;Non
Non;;Non;Non;Non
Non;;Non;Non;Non
Non;;Non;Non;Non
Non;;Non;Non;Non
Oui, vous avez déjà changé de 2-roues cette année.;;Oui;Non;Non
Non;;Non;Non;Non
Non;;Non;Non;Non
Non;;Non;Non;Non
Non;;Non;Non;Non
Non;;Non;Non;Non
Non, vous n’aviez pas l’intention d’en changer, mais vous avez changé d’avis.;;Oui;Oui;Oui
Non;;Non;Non;Non
Oui, vous aviez l’intention mais vous avez changé d’avis.;;Non;Oui;Non
Non;;Non;Non;Non
Non;;Non;Non;Non
Non;;Non;Non;Non
Oui, vous allez changer de 2-roues d’ici la fin de l’année.;;Oui;Non;Non
Non;;Non;Non;Non
Oui, vous avez déjà changé de 2-roues cette année.;;Oui;Non;Non
Oui, vous avez déjà changé de 2-roues cette année.;;Oui;Non;Non
Non;;Non;Non;Non
Oui, vous avez déjà changé de 2-roues cette année.;;Oui;Non;Non
Non;;Non;Non;Non
Oui, vous allez changer de 2-roues d’ici la fin de l’année.;;Oui;Non;Non
Non;;Non;Non;Non
Oui, vous aviez l’intention mais vous avez changé d’avis.;;Non;Oui;Non
Non;;Non;Non;Non
Non;;Non;Non;Non
Non;;Non;Non;Non
Non;;Non;Non;Non
Non;;Non;Non;Non
Non;;Non;Non;Non
Non;;Non;Non;Non
Non;;Non;Non;Non
Oui, vous allez changer de 2-roues d’ici la fin de l’année.;;Oui;Non;Non
Non;;Non;Non;Non
Non;;Non;Non;Non
Oui, vous avez déjà changé de 2-roues cette année.;;Oui;Non;Non
Non;;Non;Non;Non
Non;;Non;Non;Non
Non;;Non;Non;Non
Non;;Non;Non;Non
Oui, vous avez déjà changé de 2-roues cette année.;;Oui;Non;Non
Non;;Non;Non;Non
Non;;Non;Non;Non
Non;;Non;Non;Non
Non, vous n’aviez pas l’intention d’en changer, mais vous avez changé d’avis.;;Oui;Oui;Oui
Oui, vous aviez l’intention mais vous avez changé d’avis.;;Non;Oui;Non
Non;;Non;Non;Non
Non;;Non;Non;Non
Non;;Non;Non;Non
Oui, vous aviez l’intention mais vous avez changé d’avis.;;Non;Oui;Non
Non;;Non;Non;Non
Non;;Non;Non;Non
Non;;Non;Non;Non
Oui, vous avez déjà changé de 2-roues cette année.;;Oui;Non;Non
Non;;Non;Non;Non
Oui, vous avez déjà changé de 2-roues cette année.;;Oui;Non;Non
Non;;Non;Non;Non
Oui, vous allez changer de 2-roues d’ici la fin de l’année.;;Oui;Non;Non
Non;;Non;Non;Non
Non;;Non;Non;Non
Non;;Non;Non;Non
Non;;Non;Non;Non
Non;;Non;Non;Non
Non;;Non;Non;Non
Non;;Non;Non;Non
Non;;Non;Non;Non
Non;;Non;Non;Non
Non;;Non;Non;Non
Non;;Non;Non;Non
Non;;Non;Non;Non
Non;;Non;Non;Non
Non;;Non;Non;Non
Non;;Non;Non;Non
Non;;Non;Non;Non
Non;;Non;Non;Non
Non;;Non;Non;Non
Oui, vous avez déjà changé de 2-roues cette année.;;Oui;Non;Non
Non;;Non;Non;Non
Non;;Non;Non;Non
Non;;Non;Non;Non
Non;;Non;Non;Non
Non;;Non;Non;Non
Non;;Non;Non;Non
Non;;Non;Non;Non
Non;;Non;Non;Non
Non;;Non;Non;Non
Non;;Non;Non;Non
Non;;Non;Non;Non
Non;;Non;Non;Non
Non;;Non;Non;Non
Non;;Non;Non;Non
Oui, vous allez changer de 2-roues d’ici la fin de l’année.;;Oui;Non;Non
Non;;Non;Non;Non
Non;;Non;Non;Non
Non;;Non;Non;Non
Non;;Non;Non;Non
Non;;Non;Non;Non
Non;;Non;Non;Non
Non;;Non;Non;Non
Non;;Non;Non;Non
Non;;Non;Non;Non
Non;;Non;Non;Non
Non;;Non;Non;Non
Non;;Non;Non;Non
Non;;Non;Non;Non
Non;;Non;Non;Non
Non;;Non;Non;Non
Oui, vous allez changer de 2-roues d’ici la fin de l’année.;;Oui;Non;Non
Non;;Non;Non;Non
Non;;Non;Non;Non
Non;;Non;Non;Non
Non;;Non;Non;Non
Non;;Non;Non;Non
Non;;Non;Non;Non
Non;;Non;Non;Non
Non;;Non;Non;Non
Oui, vous avez déjà changé de 2-roues cette année.;;Oui;Non;Non
Non;;Non;Non;Non
Oui, vous allez changer de 2-roues d’ici la fin de l’année.;;Oui;Non;Non
Non;;Non;Non;Non
Non;;Non;Non;Non
Oui, vous allez changer de 2-roues d’ici la fin de l’année.;;Oui;Non;Non
Non;;Non;Non;Non
Non;;Non;Non;Non
Non;;Non;Non;Non
Non;;Non;Non;Non
Non;;Non;Non;Non
Non;;Non;Non;Non
Non;;Non;Non;Non
Non;;Non;Non;Non
Non;;Non;Non;Non
Non;;Non;Non;Non
Non;;Non;Non;Non
Non;;Non;Non;Non
Non;;Non;Non;Non
Non;;Non;Non;Non
Non;;Non;Non;Non
Non;;Non;Non;Non
Non;;Non;Non;Non
Non;;Non;Non;Non
Oui, vous allez changer de 2-roues d’ici la fin de l’année.;;Oui;Non;Non
Oui, vous avez déjà changé de 2-roues cette année.;;Oui;Non;Non
Non;;Non;Non;Non
Oui, vous allez changer de 2-roues d’ici la fin de l’année.;;Oui;Non;Non
Oui, vous allez changer de 2-roues d’ici la fin de l’année.;;Oui;Non;Non
Non;;Non;Non;Non
Non;;Non;Non;Non
Oui, vous aviez l’intention mais vous avez changé d’avis.;;Non;Oui;Non
Oui, vous allez changer de 2-roues d’ici la fin de l’année.;;Oui;Non;Non
Non;;Non;Non;Non
Non;;Non;Non;Non
Non;;Non;Non;Non
Non;;Non;Non;Non
Non;;Non;Non;Non
Non;;Non;Non;Non
Non;;Non;Non;Non
Non;;Non;Non;Non
Non;;Non;Non;Non
Non;;Non;Non;Non
Non;;Non;Non;Non
Non;;Non;Non;Non
Non;;Non;Non;Non
Oui, vous avez déjà changé de 2-roues cette année.;;Oui;Non;Non
Oui, vous avez déjà changé de 2-roues cette année.;;Oui;Non;Non
Oui, vous aviez l’intention mais vous avez changé d’avis.;;Non;Oui;Non
Non;;Non;Non;Non
Non;;Non;Non;Non
Non;;Non;Non;Non
Non;;Non;Non;Non
Non;;Non;Non;Non
Non;;Non;Non;Non
Non;;Non;Non;Non
Oui, vous aviez l’intention mais vous avez changé d’avis.;;Non;Oui;Non
Non;;Non;Non;Non
Non;;Non;Non;Non
Oui, vous allez changer de 2-roues d’ici la fin de l’année.;;Oui;Non;Non
Non;;Non;Non;Non
Oui, vous allez changer de 2-roues d’ici la fin de l’année.;;Oui;Non;Non
Non;;Non;Non;Non
Non, vous n’aviez pas l’intention d’en changer, mais vous avez changé d’avis.;;Oui;Oui;Oui
Non;;Non;Non;Non
Non;;Non;Non;Non
Non;;Non;Non;Non
Non;;Non;Non;Non
Oui, vous allez changer de 2-roues d’ici la fin de l’année.;;Oui;Non;Non
Oui, vous avez déjà changé de 2-roues cette année.;;Oui;Non;Non
Non;;Non;Non;Non
Non;;Non;Non;Non
Non;;Non;Non;Non
Non;;Non;Non;Non
Non, vous n’aviez pas l’intention d’en changer, mais vous avez changé d’avis.;;Oui;Oui;Oui
Non;;Non;Non;Non
Non;;Non;Non;Non
Non;;Non;Non;Non
Oui, vous aviez l’intention mais vous avez changé d’avis.;;Non;Oui;Non
Non;;Non;Non;Non
Non;;Non;Non;Non
Non;;Non;Non;Non
Non;;Non;Non;Non
Non;;Non;Non;Non
Non;;Non;Non;Non
Non;;Non;Non;Non
Non;;Non;Non;Non
Non;;Non;Non;Non
Non;;Non;Non;Non
Non;;Non;Non;Non
Oui, vous aviez l’intention mais vous avez changé d’avis.;;Non;Oui;Non
Oui, vous avez déjà changé de 2-roues cette année.;;Oui;Non;Non
Non;;Non;Non;Non
Oui, vous allez changer de 2-roues d’ici la fin de l’année.;;Oui;Non;Non
Non, vous n’aviez pas l’intention d’en changer, mais vous avez changé d’avis.;;Oui;Oui;Oui
Non;;Non;Non;Non
Non;;Non;Non;Non
Non;;Non;Non;Non
Non;;Non;Non;Non
Non;;Non;Non;Non
Non;;Non;Non;Non
Non;;Non;Non;Non
Oui, vous aviez l’intention mais vous avez changé d’avis.;;Non;Oui;Non
Non;;Non;Non;Non
Non;;Non;Non;Non
Non;;Non;Non;Non
Oui, vous avez déjà changé de 2-roues cette année.;;Oui;Non;Non
Non;;Non;Non;Non
Non;;Non;Non;Non
Non, vous n’aviez pas l’intention d’en changer, mais vous avez changé d’avis.;;Oui;Oui;Oui
Non;;Non;Non;Non
Non;;Non;Non;Non
Non;;Non;Non;Non
Non;;Non;Non;Non
Non;;Non;Non;Non
Non;;Non;Non;Non
Non;;Non;Non;Non
Oui, vous allez changer de 2-roues d’ici la fin de l’année.;;Oui;Non;Non
Non;;Non;Non;Non
Non;;Non;Non;Non
Non;;Non;Non;Non
Non;;Non;Non;Non
Non;;Non;Non;Non
Non;;Non;Non;Non
Non;;Non;Non;Non
Oui, vous avez déjà changé de 2-roues cette année.;;Oui;Non;Non
Non;;Non;Non;Non
Oui, vous aviez l’intention mais vous avez changé d’avis.;;Non;Oui;Non
Oui, vous aviez l’intention mais vous avez changé d’avis.;;Non;Oui;Non
Non;;Non;Non;Non
Oui, vous aviez l’intention mais vous avez changé d’avis.;;Non;Oui;Non
Non;;Non;Non;Non
Non;;Non;Non;Non
Non;;Non;Non;Non
Non;;Non;Non;Non
Oui, vous avez déjà changé de 2-roues cette année.;;Oui;Non;Non
Oui, vous aviez l’intention mais vous avez changé d’avis.;;Non;Oui;Non
Non;;Non;Non;Non
Non;;Non;Non;Non
Non;;Non;Non;Non
Non;;Non;Non;Non
Non;;Non;Non;Non
Non;;Non;Non;Non
Non;;Non;Non;Non
Non;;Non;Non;Non
Non;;Non;Non;Non
Oui, vous allez changer de 2-roues d’ici la fin de l’année.;;Oui;Non;Non
Non;;Non;Non;Non
Non;;Non;Non;Non
Non;;Non;Non;Non
Oui, vous aviez l’intention mais vous avez changé d’avis.;;Non;Oui;Non
Non;;Non;Non;Non
Non;;Non;Non;Non
Non;;Non;Non;Non
Non;;Non;Non;Non
Non;;Non;Non;Non
Non;;Non;Non;Non
Non;;Non;Non;Non
Non;;Non;Non;Non
Non;;Non;Non;Non
Non;;Non;Non;Non
Oui, vous aviez l’intention mais vous avez changé d’avis.;;Non;Oui;Non
Non;;Non;Non;Non
Non;;Non;Non;Non
Non;;Non;Non;Non
Non;;Non;Non;Non
Oui, vous aviez l’intention mais vous avez changé d’avis.;;Non;Oui;Non
Non;;Non;Non;Non
Non;;Non;Non;Non
Oui, vous aviez l’intention mais vous avez changé d’avis.;;Non;Oui;Non
Non;;Non;Non;Non
Non;;Non;Non;Non
Non;;Non;Non;Non
Non;;Non;Non;Non
Non;;Non;Non;Non
Non;;Non;Non;Non
Oui, vous aviez l’intention mais vous avez changé d’avis.;;Non;Oui;Non
Non;;Non;Non;Non
Non;;Non;Non;Non
Non;;Non;Non;Non
Non;;Non;Non;Non
Oui, vous avez déjà changé de 2-roues cette année.;;Oui;Non;Non
Non, vous n’aviez pas l’intention d’en changer, mais vous avez changé d’avis.;;Oui;Oui;Oui
Non;;Non;Non;Non
Non;;Non;Non;Non
Non;;Non;Non;Non
Oui, vous allez changer de 2-roues d’ici la fin de l’année.;;Oui;Non;Non
Oui, vous aviez l’intention mais vous avez changé d’avis.;;Non;Oui;Non
Non;;Non;Non;Non
Non;;Non;Non;Non
Non;;Non;Non;Non
Non;;Non;Non;Non
Non;;Non;Non;Non
Non;;Non;Non;Non
Non;;Non;Non;Non
Non;;Non;Non;Non
Non;;Non;Non;Non
Oui, vous aviez l’intention mais vous avez changé d’avis.;;Non;Oui;Non
Non;;Non;Non;Non
Non, vous n’aviez pas l’intention d’en changer, mais vous avez changé d’avis.;;Oui;Oui;Oui
Non;;Non;Non;Non
Non;;Non;Non;Non
Non;;Non;Non;Non
Non;;Non;Non;Non
Non;;Non;Non;Non
Non;;Non;Non;Non
Non;;Non;Non;Non
Non;;Non;Non;Non
Non;;Non;Non;Non
Non;;Non;Non;Non
Non;;Non;Non;Non
Non;;Non;Non;Non
Non;;Non;Non;Non
Non;;Non;Non;Non
Non;;Non;Non;Non
Non;;Non;Non;Non
Non;;Non;Non;Non
Non;;Non;Non;Non
Non;;Non;Non;Non
Oui, vous aviez l’intention mais vous avez changé d’avis.;;Non;Oui;Non
Non;;Non;Non;Non
Non;;Non;Non;Non
Non;;Non;Non;Non
Non;;Non;Non;Non
Non;;Non;Non;Non
Oui, vous aviez l’intention mais vous avez changé d’avis.;;Non;Oui;Non
Non;;Non;Non;Non
Non;;Non;Non;Non
Oui, vous aviez l’intention mais vous avez changé d’avis.;;Non;Oui;Non
Non;;Non;Non;Non
Non;;Non;Non;Non
Non;;Non;Non;Non
Non;;Non;Non;Non
Non;;Non;Non;Non
Non;;Non;Non;Non
Non;;Non;Non;Non
Non;;Non;Non;Non
Non;;Non;Non;Non
Non;;Non;Non;Non
Non;;Non;Non;Non
Non;;Non;Non;Non
Non, vous n’aviez pas l’intention d’en changer, mais vous avez changé d’avis.;;Oui;Oui;Oui
Non;;Non;Non;Non
Non;;Non;Non;Non
Non;;Non;Non;Non
Non;;Non;Non;Non
Non;;Non;Non;Non
Non;;Non;Non;Non
Non;;Non;Non;Non
Non;;Non;Non;Non
Non;;Non;Non;Non
Non;;Non;Non;Non
Non;;Non;Non;Non
Non;;Non;Non;Non
Non;;Non;Non;Non
Non;;Non;Non;Non
Non;;Non;Non;Non
Oui, vous aviez l’intention mais vous avez changé d’avis.;;Non;Oui;Non
Non;;Non;Non;Non
Non;;Non;Non;Non
Non;;Non;Non;Non
Non;;Non;Non;Non
Non;;Non;Non;Non
Non;;Non;Non;Non
Non;;Non;Non;Non
Non;;Non;Non;Non
Non;;Non;Non;Non
Non;;Non;Non;Non
Non;;Non;Non;Non
Oui, vous avez déjà changé de 2-roues cette année.;;Oui;Non;Non
Non;;Non;Non;Non
Non;;Non;Non;Non
Non;;Non;Non;Non
Non;;Non;Non;Non
Oui, vous avez déjà changé de 2-roues cette année.;;Oui;Non;Non
Non;;Non;Non;Non
Non;;Non;Non;Non
Non;;Non;Non;Non
Non;;Non;Non;Non
Non;;Non;Non;Non
Non;;Non;Non;Non
Non;;Non;Non;Non
Non;;Non;Non;Non
Non;;Non;Non;Non
Non;;Non;Non;Non
Oui, vous allez changer de 2-roues d’ici la fin de l’année.;;Oui;Non;Non
Non;;Non;Non;Non
Oui, vous aviez l’intention mais vous avez changé d’avis.;;Non;Oui;Non
Non;;Non;Non;Non
Non;;Non;Non;Non
Non;;Non;Non;Non
Oui, vous avez déjà changé de 2-roues cette année.;;Oui;Non;Non
Non, vous n’aviez pas l’intention d’en changer, mais vous avez changé d’avis.;;Oui;Oui;Oui
Non;;Non;Non;Non
Oui, vous aviez l’intention mais vous avez changé d’avis.;;Non;Oui;Non
Non;;Non;Non;Non
Oui, vous aviez l’intention mais vous avez changé d’avis.;;Non;Oui;Non
Non;;Non;Non;Non
Non;;Non;Non;Non
Non;;Non;Non;Non
Non;;Non;Non;Non
Non;;Non;Non;Non
Non;;Non;Non;Non
Non;;Non;Non;Non
Non;;Non;Non;Non
Non;;Non;Non;Non
Non;;Non;Non;Non
Non;;Non;Non;Non
Non;;Non;Non;Non
Oui, vous allez changer de 2-roues d’ici la fin de l’année.;;Oui;Non;Non
Non;;Non;Non;Non
Non;;Non;Non;Non
Non;;Non;Non;Non
Non;;Non;Non;Non
Non;;Non;Non;Non
Oui, vous aviez l’intention mais vous avez changé d’avis.;;Non;Oui;Non
Non;;Non;Non;Non
Non;;Non;Non;Non
Non;;Non;Non;Non
Non;;Non;Non;Non
Non;;Non;Non;Non
Non;;Non;Non;Non
Non;;Non;Non;Non
Oui, vous allez changer de 2-roues d’ici la fin de l’année.;;Oui;Non;Non
Non;;Non;Non;Non
Non;;Non;Non;Non
Non;;Non;Non;Non
Non;;Non;Non;Non
Non;;Non;Non;Non
Non;;Non;Non;Non
Oui, vous allez changer de 2-roues d’ici la fin de l’année.;;Oui;Non;Non
Non;;Non;Non;Non
Non;;Non;Non;Non
Non;;Non;Non;Non
Non;;Non;Non;Non
Non;;Non;Non;Non
Non;;Non;Non;Non
Non;;Non;Non;Non
Oui, vous avez déjà changé de 2-roues cette année.;;Oui;Non;Non
Oui, vous allez changer de 2-roues d’ici la fin de l’année.;;Oui;Non;Non
Non;;Non;Non;Non
Non;;Non;Non;Non
Non;;Non;Non;Non
Non;;Non;Non;Non
Non;;Non;Non;Non
Non;;Non;Non;Non
Oui, vous allez changer de 2-roues d’ici la fin de l’année.;;Oui;Non;Non
Non;;Non;Non;Non
Oui, vous aviez l’intention mais vous avez changé d’avis.;;Non;Oui;Non
Oui, vous avez déjà changé de 2-roues cette année.;;Oui;Non;Non
Non;;Non;Non;Non
Oui, vous aviez l’intention mais vous avez changé d’avis.;;Non;Oui;Non
Non;;Non;Non;Non
Oui, vous aviez l’intention mais vous avez changé d’avis.;;Non;Oui;Non
Non;;Non;Non;Non
Non;;Non;Non;Non
Non;;Non;Non;Non
Non;;Non;Non;Non
Non;;Non;Non;Non
Non;;Non;Non;Non
Non;;Non;Non;Non
Non;;Non;Non;Non
Non;;Non;Non;Non
Non, vous n’aviez pas l’intention d’en changer, mais vous avez changé d’avis.;;Oui;Oui;Oui
Non;;Non;Non;Non
Non;;Non;Non;Non
Non;;Non;Non;Non
Non;;Non;Non;Non
Non;;Non;Non;Non
Non;;Non;Non;Non
Oui, vous aviez l’intention mais vous avez changé d’avis.;;Non;Oui;Non
Non;;Non;Non;Non
Non;;Non;Non;Non
Non;;Non;Non;Non
Non;;Non;Non;Non
Oui, vous aviez l’intention mais vous avez changé d’avis.;;Non;Oui;Non
Non;;Non;Non;Non
Non;;Non;Non;Non
Non;;Non;Non;Non
Oui, vous aviez l’intention mais vous avez changé d’avis.;;Non;Oui;Non
Non;;Non;Non;Non
Non;;Non;Non;Non
Non;;Non;Non;Non
Non;;Non;Non;Non
Non;;Non;Non;Non
Non;;Non;Non;Non
Non;;Non;Non;Non
Non;;Non;Non;Non
Non;;Non;Non;Non
Non;;Non;Non;Non
Non;;Non;Non;Non
Non;;Non;Non;Non
Non;;Non;Non;Non
Oui, vous allez changer de 2-roues d’ici la fin de l’année.;;Oui;Non;Non
Non;;Non;Non;Non
Non;;Non;Non;Non
Oui, vous avez déjà changé de 2-roues cette année.;;Oui;Non;Non
Non;;Non;Non;Non
Non;;Non;Non;Non
Non;;Non;Non;Non
Non;;Non;Non;Non
Non;;Non;Non;Non
Non;;Non;Non;Non
Oui, vous avez déjà changé de 2-roues cette année.;;Oui;Non;Non
Oui, vous aviez l’intention mais vous avez changé d’avis.;;Non;Oui;Non
Non;;Non;Non;Non
Non;;Non;Non;Non
Non;;Non;Non;Non
Oui, vous allez changer de 2-roues d’ici la fin de l’année.;;Oui;Non;Non
Non;;Non;Non;Non
Oui, vous allez changer de 2-roues d’ici la fin de l’année.;;Oui;Non;Non
Non;;Non;Non;Non
Non;;Non;Non;Non
Oui, vous aviez l’intention mais vous avez changé d’avis.;;Non;Oui;Non
Non;;Non;Non;Non
Non;;Non;Non;Non
Non;;Non;Non;Non
Non;;Non;Non;Non
Non;;Non;Non;Non
Non;;Non;Non;Non
Oui, vous avez déjà changé de 2-roues cette année.;;Oui;Non;Non
Non;;Non;Non;Non
Non;;Non;Non;Non
Non;;Non;Non;Non
Oui, vous aviez l’intention mais vous avez changé d’avis.;;Non;Oui;Non
Non;;Non;Non;Non
Non;;Non;Non;Non
Non;;Non;Non;Non
Non;;Non;Non;Non
Non;;Non;Non;Non
Non;;Non;Non;Non
Oui, vous aviez l’intention mais vous avez changé d’avis.;;Non;Oui;Non
Non;;Non;Non;Non
Non;;Non;Non;Non
Non;;Non;Non;Non
Non;;Non;Non;Non
Non;;Non;Non;Non
Oui, vous allez changer de 2-roues d’ici la fin de l’année.;;Oui;Non;Non
Non;;Non;Non;Non
Non;;Non;Non;Non
Non;;Non;Non;Non
Non;;Non;Non;Non
Non;;Non;Non;Non
Non;;Non;Non;Non
Non;;Non;Non;Non
Non;;Non;Non;Non
Non;;Non;Non;Non
Non;;Non;Non;Non
Non;;Non;Non;Non
Non, vous n’aviez pas l’intention d’en changer, mais vous avez changé d’avis.;;Oui;Oui;Oui
Non, vous n’aviez pas l’intention d’en changer, mais vous avez changé d’avis.;;Oui;Oui;Oui
Oui, vous allez changer de 2-roues d’ici la fin de l’année.;;Oui;Non;Non
Non, vous n’aviez pas l’intention d’en changer, mais vous avez changé d’avis.;;Oui;Oui;Oui
Non, vous n’aviez pas l’intention d’en changer, mais vous avez changé d’avis.;;Oui;Oui;Oui
Non;;Non;Non;Non
Non;;Non;Non;Non
Non;;Non;Non;Non
Non, vous n’aviez pas l’intention d’en changer, mais vous avez changé d’avis.;;Oui;Oui;Oui
Non;;Non;Non;Non
Non;;Non;Non;Non
Oui, vous aviez l’intention mais vous avez changé d’avis.;;Non;Oui;Non
Non;;Non;Non;Non
Non;;Non;Non;Non
Non;;Non;Non;Non
Oui, vous allez changer de 2-roues d’ici la fin de l’année.;;Oui;Non;Non
Non;;Non;Non;Non
Non;;Non;Non;Non
Non;;Non;Non;Non
Non;;Non;Non;Non
Non;;Non;Non;Non
Non, vous n’aviez pas l’intention d’en changer, mais vous avez changé d’avis.;;Oui;Oui;Oui
Non;;Non;Non;Non
Non;;Non;Non;Non
Non;;Non;Non;Non
Oui, vous allez changer de 2-roues d’ici la fin de l’année.;;Oui;Non;Non
Non;;Non;Non;Non
Non;;Non;Non;Non
Non;;Non;Non;Non
Oui, vous allez changer de 2-roues d’ici la fin de l’année.;;Oui;Non;Non
Non;;Non;Non;Non
Non;;Non;Non;Non
Non;;Non;Non;Non
Oui, vous avez déjà changé de 2-roues cette année.;;Oui;Non;Non
Non;;Non;Non;Non
Oui, vous aviez l’intention mais vous avez changé d’avis.;;Non;Oui;Non
Non;;Non;Non;Non
Non;;Non;Non;Non
Non;;Non;Non;Non
Non;;Non;Non;Non
Oui, vous allez changer de 2-roues d’ici la fin de l’année.;;Oui;Non;Non
Non;;Non;Non;Non
Non;;Non;Non;Non
Non;;Non;Non;Non
Non;;Non;Non;Non
Oui, vous avez déjà changé de 2-roues cette année.;;Oui;Non;Non
Non;;Non;Non;Non
Non;;Non;Non;Non
Oui, vous avez déjà changé de 2-roues cette année.;;Oui;Non;Non
Non;;Non;Non;Non
Oui, vous avez déjà changé de 2-roues cette année.;;Oui;Non;Non
Non;;Non;Non;Non
Non;;Non;Non;Non
Non;;Non;Non;Non
Non;;Non;Non;Non
Oui, vous allez changer de 2-roues d’ici la fin de l’année.;;Oui;Non;Non
Oui, vous allez changer de 2-roues d’ici la fin de l’année.;;Oui;Non;Non
Non;;Non;Non;Non
Oui, vous aviez l’intention mais vous avez changé d’avis.;;Non;Oui;Non
Non;;Non;Non;Non
Non;;Non;Non;Non
Non;;Non;Non;Non
Non;;Non;Non;Non
Oui, vous aviez l’intention mais vous avez changé d’avis.;;Non;Oui;Non
Non;;Non;Non;Non
Non;;Non;Non;Non
Non;;Non;Non;Non
Non;;Non;Non;Non
Oui, vous aviez l’intention mais vous avez changé d’avis.;;Non;Oui;Non
Oui, vous aviez l’intention mais vous avez changé d’avis.;;Non;Oui;Non
Non;;Non;Non;Non
Non;;Non;Non;Non
Non;;Non;Non;Non
Oui, vous allez changer de 2-roues d’ici la fin de l’année.;;Oui;Non;Non
Oui, vous aviez l’intention mais vous avez changé d’avis.;;Non;Oui;Non
Oui, vous aviez l’intention mais vous avez changé d’avis.;;Non;Oui;Non
Non;;Non;Non;Non
Oui, vous avez déjà changé de 2-roues cette année.;;Oui;Non;Non
Oui, vous aviez l’intention mais vous avez changé d’avis.;;Non;Oui;Non
Oui, vous allez changer de 2-roues d’ici la fin de l’année.;;Oui;Non;Non
Non;;Non;Non;Non
Oui, vous avez déjà changé de 2-roues cette année.;;Oui;Non;Non
Non;;Non;Non;Non
Non, vous n’aviez pas l’intention d’en changer, mais vous avez changé d’avis.;;Oui;Oui;Oui
Non;;Non;Non;Non
Non;;Non;Non;Non
Non;;Non;Non;Non
Non;;Non;Non;Non
Non;;Non;Non;Non
Oui, vous allez changer de 2-roues d’ici la fin de l’année.;;Oui;Non;Non
Non;;Non;Non;Non
Oui, vous allez changer de 2-roues d’ici la fin de l’année.;;Oui;Non;Non
Non;;Non;Non;Non
Non;;Non;Non;Non
Oui, vous allez changer de 2-roues d’ici la fin de l’année.;;Oui;Non;Non
Non;;Non;Non;Non
Non;;Non;Non;Non
Non;;Non;Non;Non
Non;;Non;Non;Non
Oui, vous avez déjà changé de 2-roues cette année.;;Oui;Non;Non
Non;;Non;Non;Non
Non;;Non;Non;Non
Non;;Non;Non;Non
Oui, vous aviez l’intention mais vous avez changé d’avis.;;Non;Oui;Non
Oui, vous avez déjà changé de 2-roues cette année.;;Oui;Non;Non
Non;;Non;Non;Non
Non;;Non;Non;Non
Non;;Non;Non;Non
Non;;Non;Non;Non
Oui, vous avez déjà changé de 2-roues cette année.;;Oui;Non;Non
Non;;Non;Non;Non
Non;;Non;Non;Non
Non;;Non;Non;Non
Non;;Non;Non;Non
Non;;Non;Non;Non
Non;;Non;Non;Non
Non;;Non;Non;Non
Oui, vous aviez l’intention mais vous avez changé d’avis.;;Non;Oui;Non
Non;;Non;Non;Non
Non;;Non;Non;Non
Non;;Non;Non;Non
Non;;Non;Non;Non
Non;;Non;Non;Non
Non;;Non;Non;Non
Non;;Non;Non;Non
Non;;Non;Non;Non
Non;;Non;Non;Non
Non;;Non;Non;Non
Oui, vous allez changer de 2-roues d’ici la fin de l’année.;;Oui;Non;Non
Oui, vous aviez l’intention mais vous avez changé d’avis.;;Non;Oui;Non
Non;;Non;Non;Non
Non;;Non;Non;Non
Oui, vous allez changer de 2-roues d’ici la fin de l’année.;;Oui;Non;Non
Oui, vous allez changer de 2-roues d’ici la fin de l’année.;;Oui;Non;Non
Non;;Non;Non;Non
Oui, vous avez déjà changé de 2-roues cette année.;;Oui;Non;Non
Oui, vous allez changer de 2-roues d’ici la fin de l’année.;;Oui;Non;Non
Non;;Non;Non;Non
Non;;Non;Non;Non
Non;;Non;Non;Non
Oui, vous allez changer de 2-roues d’ici la fin de l’année.;;Oui;Non;Non
Oui, vous avez déjà changé de 2-roues cette année.;;Oui;Non;Non
Oui, vous aviez l’intention mais vous avez changé d’avis.;;Non;Oui;Non
Oui, vous aviez l’intention mais vous avez changé d’avis.;;Non;Oui;Non
Non;;Non;Non;Non
Non;;Non;Non;Non
Oui, vous avez déjà changé de 2-roues cette année.;;Oui;Non;Non
Non;;Non;Non;Non
Non;;Non;Non;Non
Oui, vous allez changer de 2-roues d’ici la fin de l’année.;;Oui;Non;Non
Non;;Non;Non;Non
Oui, vous avez déjà changé de 2-roues cette année.;;Oui;Non;Non
Non;;Non;Non;Non
Non, vous n’aviez pas l’intention d’en changer, mais vous avez changé d’avis.;;Oui;Oui;Oui
Non;;Non;Non;Non
Non;;Non;Non;Non
Non;;Non;Non;Non
Non;;Non;Non;Non
Non;;Non;Non;Non
Oui, vous allez changer de 2-roues d’ici la fin de l’année.;;Oui;Non;Non
Oui, vous allez changer de 2-roues d’ici la fin de l’année.;;Oui;Non;Non
Non;;Non;Non;Non
Non;;Non;Non;Non
Non;;Non;Non;Non
Non;;Non;Non;Non
Non;;Non;Non;Non
Oui, vous avez déjà changé de 2-roues cette année.;;Oui;Non;Non
Non;;Non;Non;Non
Non;;Non;Non;Non
Non;;Non;Non;Non
Non;;Non;Non;Non
Non;;Non;Non;Non
Non;;Non;Non;Non
Oui, vous allez changer de 2-roues d’ici la fin de l’année.;;Oui;Non;Non
Non;;Non;Non;Non
Non;;Non;Non;Non
Non;;Non;Non;Non
Non;;Non;Non;Non
Non;;Non;Non;Non
Non;;Non;Non;Non
Oui, vous avez déjà changé de 2-roues cette année.;;Oui;Non;Non
Non;;Non;Non;Non
Non;;Non;Non;Non
Non;;Non;Non;Non
Non;;Non;Non;Non
Non;;Non;Non;Non
Non;;Non;Non;Non
Oui, vous allez changer de 2-roues d’ici la fin de l’année.;;Oui;Non;Non
Oui, vous aviez l’intention mais vous avez changé d’avis.;;Non;Oui;Non
Non;;Non;Non;Non
Oui, vous avez déjà changé de 2-roues cette année.;;Oui;Non;Non
Non;;Non;Non;Non
Non;;Non;Non;Non
Oui, vous aviez l’intention mais vous avez changé d’avis.;;Non;Oui;Non
Non;;Non;Non;Non
Non;;Non;Non;Non
Non;;Non;Non;Non
Oui, vous allez changer de 2-roues d’ici la fin de l’année.;;Oui;Non;Non
Oui, vous allez changer de 2-roues d’ici la fin de l’année.;;Oui;Non;Non
Non;;Non;Non;Non
Non;;Non;Non;Non
Non;;Non;Non;Non
Non;;Non;Non;Non
Non;;Non;Non;Non
Non;;Non;Non;Non
Oui, vous aviez l’intention mais vous avez changé d’avis.;;Non;Oui;Non
Non;;Non;Non;Non
Non;;Non;Non;Non
Non;;Non;Non;Non
Non;;Non;Non;Non
Non;;Non;Non;Non
Oui, vous avez déjà changé de 2-roues cette année.;;Oui;Non;Non
Non;;Non;Non;Non
Non;;Non;Non;Non
Non;;Non;Non;Non
Non;;Non;Non;Non
Non;;Non;Non;Non
Oui, vous aviez l’intention mais vous avez changé d’avis.;;Non;Oui;Non
Oui, vous aviez l’intention mais vous avez changé d’avis.;;Non;Oui;Non
Non;;Non;Non;Non
Non;;Non;Non;Non
Non;;Non;Non;Non
Non;;Non;Non;Non
Non;;Non;Non;Non
Non;;Non;Non;Non
Non;;Non;Non;Non
Oui, vous avez déjà changé de 2-roues cette année.;;Oui;Non;Non
Oui, vous allez changer de 2-roues d’ici la fin de l’année.;;Oui;Non;Non
Non;;Non;Non;Non
Non;;Non;Non;Non
Non;;Non;Non;Non
Non;;Non;Non;Non
Non;;Non;Non;Non
Oui, vous aviez l’intention mais vous avez changé d’avis.;;Non;Oui;Non
Non;;Non;Non;Non
Non;;Non;Non;Non
Non;;Non;Non;Non
Oui, vous aviez l’intention mais vous avez changé d’avis.;;Non;Oui;Non
Non;;Non;Non;Non
Oui, vous allez changer de 2-roues d’ici la fin de l’année.;;Oui;Non;Non
Non;;Non;Non;Non
Non;;Non;Non;Non
Non;;Non;Non;Non
Oui, vous aviez l’intention mais vous avez changé d’avis.;;Non;Oui;Non
Non;;Non;Non;Non
Non;;Non;Non;Non
Non;;Non;Non;Non
Non;;Non;Non;Non
Non;;Non;Non;Non
Non;;Non;Non;Non
Non;;Non;Non;Non
Non;;Non;Non;Non
Non;;Non;Non;Non
Non;;Non;Non;Non
Oui, vous allez changer de 2-roues d’ici la fin de l’année.;;Oui;Non;Non
Oui, vous avez déjà changé de 2-roues cette année.;;Oui;Non;Non
Non;;Non;Non;Non
Oui, vous allez changer de 2-roues d’ici la fin de l’année.;;Oui;Non;Non
Non;;Non;Non;Non
Oui, vous aviez l’intention mais vous avez changé d’avis.;;Non;Oui;Non
Oui, vous allez changer de 2-roues d’ici la fin de l’année.;;Oui;Non;Non
Non;;Non;Non;Non
Non;;Non;Non;Non
Non;;Non;Non;Non
Non;;Non;Non;Non
Non;;Non;Non;Non
Non;;Non;Non;Non
Oui, vous aviez l’intention mais vous avez changé d’avis.;;Non;Oui;Non
Non;;Non;Non;Non
Non;;Non;Non;Non
Non;;Non;Non;Non
Non;;Non;Non;Non
Non;;Non;Non;Non
Non;;Non;Non;Non
Non;;Non;Non;Non
Non;;Non;Non;Non
Oui, vous avez déjà changé de 2-roues cette année.;;Oui;Non;Non
Non;;Non;Non;Non
Non;;Non;Non;Non
Non;;Non;Non;Non
Non;;Non;Non;Non
Oui, vous avez déjà changé de 2-roues cette année.;;Oui;Non;Non
Non;;Non;Non;Non
Non;;Non;Non;Non
Non;;Non;Non;Non
Non;;Non;Non;Non
Non;;Non;Non;Non
Non;;Non;Non;Non
Non;;Non;Non;Non
Oui, vous avez déjà changé de 2-roues cette année.;;Oui;Non;Non
Non;;Non;Non;Non
Non;;Non;Non;Non
Non;;Non;Non;Non
Non;;Non;Non;Non
Non;;Non;Non;Non
Non;;Non;Non;Non
Non;;Non;Non;Non
Non;;Non;Non;Non
Non;;Non;Non;Non
Non;;Non;Non;Non
Non;;Non;Non;Non
Non;;Non;Non;Non
Oui, vous aviez l’intention mais vous avez changé d’avis.;;Non;Oui;Non
Non;;Non;Non;Non
Non;;Non;Non;Non
Non;;Non;Non;Non
Oui, vous aviez l’intention mais vous avez changé d’avis.;;Non;Oui;Non
Non;;Non;Non;Non
Non;;Non;Non;Non
Non;;Non;Non;Non
Non;;Non;Non;Non
Non;;Non;Non;Non
Non;;Non;Non;Non
Non;;Non;Non;Non
Oui, vous avez déjà changé de 2-roues cette année.;;Oui;Non;Non
Non, vous n’aviez pas l’intention d’en changer, mais vous avez changé d’avis.;;Oui;Oui;Oui
Non;;Non;Non;Non
Oui, vous allez changer de 2-roues d’ici la fin de l’année.;;Oui;Non;Non
Non;;Non;Non;Non
Oui, vous avez déjà changé de 2-roues cette année.;;Oui;Non;Non
Non;;Non;Non;Non
Non;;Non;Non;Non
Oui, vous allez changer de 2-roues d’ici la fin de l’année.;;Oui;Non;Non
Non;;Non;Non;Non
Non;;Non;Non;Non
Non;;Non;Non;Non
Non;;Non;Non;Non
Non;;Non;Non;Non
Non;;Non;Non;Non
Non;;Non;Non;Non
Oui, vous allez changer de 2-roues d’ici la fin de l’année.;;Oui;Non;Non
Non;;Non;Non;Non
Oui, vous avez déjà changé de 2-roues cette année.;;Oui;Non;Non
Non;;Non;Non;Non
Non;;Non;Non;Non
Non;;Non;Non;Non
Non;;Non;Non;Non
Non;;Non;Non;Non
Non;;Non;Non;Non
Non;;Non;Non;Non
Oui, vous avez déjà changé de 2-roues cette année.;;Oui;Non;Non
Non;;Non;Non;Non
Non;;Non;Non;Non
Non;;Non;Non;Non
Non;;Non;Non;Non
Oui, vous aviez l’intention mais vous avez changé d’avis.;;Non;Oui;Non
Non;;Non;Non;Non
Non;;Non;Non;Non
Non;;Non;Non;Non
Non;;Non;Non;Non
Non;;Non;Non;Non
Non;;Non;Non;Non
Non;;Non;Non;Non
Non;;Non;Non;Non
Non;;Non;Non;Non
Non;;Non;Non;Non
Oui, vous aviez l’intention mais vous avez changé d’avis.;;Non;Oui;Non
Non;;Non;Non;Non
Oui, vous aviez l’intention mais vous avez changé d’avis.;;Non;Oui;Non
Non;;Non;Non;Non
Non;;Non;Non;Non
Non;;Non;Non;Non
Oui, vous avez déjà changé de 2-roues cette année.;;Oui;Non;Non
Non;;Non;Non;Non
Non;;Non;Non;Non
Non;;Non;Non;Non
Oui, vous avez déjà changé de 2-roues cette année.;;Oui;Non;Non
Non;;Non;Non;Non
Non;;Non;Non;Non
Oui, vous allez changer de 2-roues d’ici la fin de l’année.;;Oui;Non;Non
Non;;Non;Non;Non
Non;;Non;Non;Non
Non;;Non;Non;Non
Non;;Non;Non;Non
Non;;Non;Non;Non
Oui, vous avez déjà changé de 2-roues cette année.;;Oui;Non;Non
Non;;Non;Non;Non
Non;;Non;Non;Non
Non;;Non;Non;Non
Oui, vous allez changer de 2-roues d’ici la fin de l’année.;;Oui;Non;Non
Non;;Non;Non;Non
Non;;Non;Non;Non
Non;;Non;Non;Non
Non;;Non;Non;Non
Non;;Non;Non;Non
Oui, vous aviez l’intention mais vous avez changé d’avis.;;Non;Oui;Non
Non;;Non;Non;Non
Non;;Non;Non;Non
Non;;Non;Non;Non
Oui, vous allez changer de 2-roues d’ici la fin de l’année.;;Oui;Non;Non
Non;;Non;Non;Non
Non;;Non;Non;Non
Non;;Non;Non;Non
Non;;Non;Non;Non
Non;;Non;Non;Non
Non;;Non;Non;Non
Non, vous n’aviez pas l’intention d’en changer, mais vous avez changé d’avis.;;Oui;Oui;Oui
Non;;Non;Non;Non
Non;;Non;Non;Non
Non;;Non;Non;Non
Non;;Non;Non;Non
Non;;Non;Non;Non
Non;;Non;Non;Non
Non;;Non;Non;Non
Non;;Non;Non;Non
