Changement de moto en 2020 ?;Avantages - Aucun;Avantages - Circulation;Avantages - Repos;Avantages - Nature;Avantages - Contamination;Avantages - Economie
Oui;;;;;;
Non;Aucun;;;;;
Non;;;Repos;;;
Non;;;;;;
Oui;;;;;;
Non;;;;;;
Non;;;;;;Economie
Non;;;;;;
Non;Aucun;;;;;
Non;;;;;;
Non;;;Repos;;;
Non;;Circulation;;;;
Non;;;;;;
Non;;;Repos;;;
Oui;;;;;;
Non;Aucun;;;;;
Non;;;Repos;;;
Non;Aucun;;;;;
Non;Aucun;;;;;
Non;Aucun;;;;;
Non;Aucun;;;;;
Oui;Aucun;;;;;
Non;;;;Nature;;
Oui;Aucun;;;;;
Non;;;Repos;;;
Non;;;Repos;;;
Non;Aucun;;;;;
Non;;;Repos;;;
Non;Aucun;;;;;
Non;Aucun;;;;;
Non;;;;;;
Non;;;;;;
Non;Aucun;;;;;
Non;;;Repos;;;
Non;Aucun;;;;;
Non;Aucun;;;;;
Non;Aucun;;;;;
Non;Aucun;;;;;
Non;Aucun;;;;;
Non;;;Repos;;;
Non;Aucun;;;;;
Non;;;;Nature;;
Non;;Circulation;Repos;;;
Non;Aucun;;;;;
Non;Aucun;;;;;
Non;;;Repos;;;
Non;Aucun;;;;;
Non;;;Repos;;;
Non;Aucun;;;;;
Non;Aucun;;;Nature;;
Non;;;;;;
Oui;Aucun;;;;;
Non;;;Repos;;;
Non;Aucun;;;;;
Non;;Circulation;;;;
Non;;;;;;
Non;;;Repos;;;
Non;Aucun;;;;;
Non;;;;Nature;;
Non;;;Repos;;;
Non;;;;;;
Non;;;;;;
Non;Aucun;;;;;
Non;;Circulation;;;;
Non;Aucun;;;;;
Non;Aucun;;;;;
Non;Aucun;;;;;
Non;;;Repos;;;
Non;;;Repos;;;
Non;;;Repos;;;
Oui;;;;;;
Non;;;;;;
Oui;;;Repos;;;
Non;;;Repos;;;
Non;;;;;;
Non;Aucun;;;;;
Non;Aucun;;;;;
Non;;;;;;
Non;Aucun;;;;;
Non;Aucun;;;;;
Non;Aucun;;;;;
Non;;;Repos;;;
Non;;;Repos;;;
Non;Aucun;;;;;
Non;;;;;Contamination;
Non;;;;;;
Non;;;;;;
Non;;;;;;
Oui;;;Repos;;;
Non;;;;;;
Non;;;Repos;;;
Non;Aucun;;;;;
Non;Aucun;;;;;
Non;;;;;;
Non;;;Repos;;;
Non;Aucun;;;;;
Non;;;;;;
Non;;;;;;
Oui;Aucun;;;;;
Non;Aucun;;;;;
Non;;;;;;
Non;Aucun;;;;;
Non;;;Repos;;;
Non;;;;;;
Non;Aucun;;;;;
Non;Aucun;;;;;
Non;Aucun;;;;;
Non;Aucun;;;;;
Non;;;;;;
Non;Aucun;;;;;
Non;;;;;;Economie
Non;;;;;;Economie
Non;Aucun;;;;;
Non;;;;;;
Oui;;Circulation;Repos;Nature;;
Non;;;;;;
Oui;Aucun;;;;;
Oui;;;;;;
Oui;Aucun;;;;;
Oui;Aucun;;;;;
Non;;;Repos;;;
Non;Aucun;;;;;
Non;Aucun;;;;;
Non;Aucun;;;;;
Oui;Aucun;;;;;
Non;;;Repos;Nature;;
Non;;;Repos;;;
Non;;;Repos;;;
Non;Aucun;;;;;
Non;Aucun;;;;;
Oui;;;Repos;;;Economie
Non;;;;;;
Non;;;;Nature;;
Non;;;;;;
Non;;;;;;
Non;Aucun;;;;;
Non;;;;;;
Non;Aucun;;;;;
Non;;Circulation;;;;
Non;;;;;;
Non;Aucun;;;;;
Non;;;;;;
Non;;;;;;
Non;Aucun;;;;;
Non;;;Repos;;;
Non;Aucun;;;;;
Non;Aucun;;;;;
Non;;;;;;
Non;Aucun;;;;;
Oui;;;Repos;;;
Non;;;Repos;;;
Non;Aucun;;;;;
Non;;;;;;
Non;;;;;;
Non;Aucun;;;;;
Non;Aucun;;;;;
Oui;;;Repos;;;
Non;;;Repos;;;
Non;Aucun;;;;;
Non;;;;Nature;;
Non;;;;;Contamination;
Non;Aucun;;;;;
Oui;Aucun;;;;;
Non;;;;;;
Non;Aucun;;;;;
Non;Aucun;;;;;
Non;Aucun;;;;;
Non;;;;;;
Oui;;;;;;
Non;;;;;;
Oui;;;;;Contamination;
Non;;;Repos;;;
Non;;;;;;
Non;Aucun;;;;;
Non;;;;;;
Non;;;;Nature;;
Non;;;;;;
Oui;Aucun;;;;;
Non;Aucun;;;;;
Non;Aucun;;;;;
Non;;;Repos;;;Economie
Non;;;Repos;;;
Non;Aucun;;;;;
Non;;;;;;
Non;;;;;;
Non;Aucun;;;;;
Non;;;;;;
Non;;;Repos;;;
Oui;;;Repos;;;
Non;;;;;;
Non;;;Repos;;;
Oui;;;;Nature;;
Non;;;;;;
Non;Aucun;;;;;
Oui;;;Repos;;;
Oui;;;Repos;;;
Non;;;;;;
Non;Aucun;;;;;
Non;Aucun;;;;;
Non;Aucun;;;;;
Oui;;;;;;
Non;;;;;;
Non;;;Repos;;;
Non;;;;;;
Non;;;;;Contamination;
Non;;;;;;
Non;;;;;;Economie
Non;;Circulation;;;;
Non;Aucun;;;;;
Non;Aucun;;;;;
Non;Aucun;;;;;
Non;;;;Nature;;
Oui;;;;;;
Oui;;;;;;
Non;;;Repos;;;
Non;Aucun;;;;;
Non;Aucun;;;;;
Non;;;;;;
Non;Aucun;;;;;
Non;Aucun;;;;;
Non;;;;;Contamination;
Non;;;;;;
Non;Aucun;;;;;
Non;;;Repos;;;
Non;;;;;;
Non;;;;;;
Non;;;;;;
Oui;;;Repos;;;
Non;;;Repos;;;
Non;;;Repos;;;
Oui;;;;Nature;;
Non;Aucun;;;;;
Oui;;;;;;
Non;Aucun;;;;;
Non;;;;;;
Non;;;;;;
Non;Aucun;;;;;
Non;;;Repos;;;
Non;;Circulation;;;;
Oui;;;;;;
Non;;;Repos;;;
Non;;;Repos;;;
Oui;Aucun;;;;;
Non;;;;;;
Non;;;Repos;;;
Oui;;;Repos;;;
Non;Aucun;;;;;
Non;;;;Nature;;
Non;Aucun;;;;;
Non;Aucun;;;;;
Non;Aucun;;;;;
Oui;Aucun;;;;;
Oui;;;Repos;Nature;;
Oui;Aucun;;;;;
Non;;;;;;
Oui;;;;;;
Oui;;;Repos;;;
Non;Aucun;;;;;
Non;;;;;;Economie
Non;Aucun;;;;;
Non;;Circulation;;Nature;;
Non;;Circulation;;;;
Oui;Aucun;;;;;
Non;;;;;;Economie
Non;Aucun;;;;;
Non;;;;;;
Non;Aucun;;;;;
Non;Aucun;;;;;
Oui;;;Repos;;;Economie
Non;;;Repos;;;
Non;Aucun;;;;;
Non;;;;;;
Non;Aucun;;;;;
Non;;Circulation;;;;
Oui;Aucun;;;;;
Non;Aucun;;;;;
Oui;;;;;;
Oui;Aucun;;;;;
Non;;;;;;
Oui;Aucun;;;;;
Non;Aucun;;;;;
Oui;Aucun;;;;;
Non;Aucun;;;;;
Non;Aucun;;;;;
Non;;;Repos;;;
Non;Aucun;;;;;
Non;;;;;;
Non;Aucun;;;;;
Non;;;;;;
Non;;;Repos;;;
Non;;;Repos;;;
Non;;;;;;
Oui;Aucun;;;;;
Non;Aucun;;;;;
Non;Aucun;;;;;
Oui;;;;;;
Non;;;;;;
Non;Aucun;;;;;
Non;Aucun;;;;;
Non;;;Repos;;;
Oui;;;Repos;;;
Non;Aucun;;;;;
Non;Aucun;;;;;
Non;;;;;;
Oui;;;Repos;;;
Non;;;;;;
Non;Aucun;;;;;
Non;;;Repos;;;
Non;;;;;;
Non;;;;;;
Non;;;Repos;;;
Non;Aucun;;;;;
Non;Aucun;;;;;
Oui;;;;;;
Non;;;Repos;;;
Oui;Aucun;;;;;
Non;;;Repos;;;
Oui;;;;;;
Non;Aucun;;;;;
Non;;;;;;
Non;Aucun;;;;;
Non;;;;;;Economie
Non;Aucun;;;;;
Non;Aucun;;;;;
Non;Aucun;;;;;
Non;;;;;;
Non;;;;;;
Non;;;;Nature;;
Non;;;Repos;;;
Non;Aucun;;;;;
Non;;;Repos;;;
Non;;;;;;
Non;;;;;;
Non;;;Repos;;;
Non;Aucun;;;;;
Non;;;;;;
Oui;;;;;;
Non;;;Repos;;;
Non;;;Repos;;;
Non;Aucun;;;;;
Non;;;;;;
Non;Aucun;;;;;
Non;;;;Nature;;
Non;;;;;;Economie
Non;Aucun;;;;;
Non;;;Repos;;;
Non;;;Repos;;;
Non;Aucun;;;;;
Non;;;Repos;;;
Non;;;;;;
Non;;;;;;
Oui;;;;;;
Non;;;;Nature;;
Non;;;Repos;;;
Non;Aucun;;;;;
Non;;;;;;
Non;;;;;;
Non;Aucun;;;;;
Non;;;;;;
Non;Aucun;;;;;
Non;;;;;;
Non;Aucun;;;;;
Non;;;;;;
Non;Aucun;;;;;
Non;;Circulation;;;;
Non;Aucun;;;;;
Non;;;;;;
Oui;Aucun;;;;;
Non;;;;;;
Non;;;Repos;;;
Non;;;Repos;;;
Non;;;Repos;;;
Non;;;Repos;;;
Non;;;Repos;;;
Non;;;Repos;Nature;;
Non;;;;;;
Oui;;;;;;
Non;Aucun;;;;;
Oui;Aucun;;;;;
Non;;;Repos;;;
Non;;;Repos;;;
Oui;;;;;;
Non;;;;;;
Non;;;;;;
Non;;;Repos;;;
Non;Aucun;;;;;
Non;;;;;;
Non;Aucun;;;;;
Non;;;;;;
Non;;;;;;
Non;;;;;;
Non;Aucun;;;;;
Non;Aucun;;;;;
Non;;;Repos;;;
Non;;;;;;
Non;Aucun;;;;;
Non;Aucun;;;;;
Non;;;;;;
Non;;;Repos;;;
Non;;;;;;
Oui;;;;;;
Oui;;;Repos;;;
Non;Aucun;;;;;
Oui;;;;;;
Oui;;Circulation;;;;
Non;;;;;;
Non;;;;;;
Non;Aucun;;;;;
Oui;;;;;;
Non;;;;;;Economie
Non;Aucun;;;;;
Non;;;;Nature;;
Non;;;Repos;;;
Non;;;;Nature;Contamination;
Non;;;Repos;;;
Non;;;;;;
Non;Aucun;;;;;
Non;;;;Nature;;
Non;;;;;;
Non;Aucun;;;;;
Non;;;;;;
Non;Aucun;;;;;
Oui;Aucun;;;;;
Oui;;;;;;
Non;;;;;;
Non;;;Repos;;;
Non;;;;;;
Non;;;Repos;;;
Non;Aucun;;;;;
Non;Aucun;;;;;
Non;;;;;;
Non;;;;;;
Non;Aucun;;;;;
Non;Aucun;;;;;
Non;;;Repos;;;
Oui;;;Repos;;;
Non;;;Repos;;;
Oui;Aucun;;;;;
Non;;;Repos;;;
Oui;;;;;;
Non;Aucun;;;;;
Non;;;;;;
Non;;;;;;
Non;;;;;;
Oui;;;Repos;;;
Oui;;;;;;
Non;;;;;;
Non;Aucun;;;;;
Non;;;Repos;;;
Non;;;Repos;;;
Oui;Aucun;;;;;
Non;Aucun;;;;;
Non;Aucun;;;;;
Non;;;Repos;;;
Non;Aucun;;;;;
Non;;;Repos;;;
Non;Aucun;;;;;
Non;;;;;;
Non;;;;;;
Non;;;;;;
Non;;;Repos;;;
Non;Aucun;;;;;
Non;;;;;;
Non;Aucun;;;;;
Non;Aucun;;;;;
Non;;;Repos;;;
Non;Aucun;;;;;
Oui;Aucun;;;;;
Non;;;;;;
Oui;Aucun;;;;;
Oui;;;Repos;;;
Non;;;;;;Economie
Non;;;;;;
Non;Aucun;;;;;
Non;Aucun;;;;;
Non;;;Repos;;;
Non;;;Repos;;;
Non;;Circulation;;;;
Non;Aucun;;;;;
Non;;;;;;
Non;Aucun;;;;;
Non;;;;;Contamination;
Oui;;;;;;
Non;;;;;;
Non;Aucun;;;;;
Oui;;;;;;Economie
Non;Aucun;;;;;
Non;Aucun;;;;;
Non;;;;;;
Non;Aucun;;;;;
Non;Aucun;;;;;
Non;Aucun;;;;;
Non;;;Repos;;;
Oui;Aucun;;;;;
Non;Aucun;;;;;
Non;Aucun;;;;;
Non;;;;;;
Non;Aucun;;;;;
Non;;;;;;
Non;;;Repos;;;
Non;;;;;;Economie
Oui;Aucun;;;;;
Non;;;Repos;;;
Non;Aucun;;;;;
Non;;;Repos;;;
Non;;;Repos;;;
Non;;;;Nature;;
Non;;;;;;
Non;;;;;;
Non;;;Repos;;;Economie
Non;;;;;;
Oui;;;Repos;;;
Non;Aucun;;;;;
Non;Aucun;;;;;
Non;;;;;;
Non;;;;;Contamination;
Non;Aucun;;;;;
Non;;;;;;
Non;;;;;;
Non;;;Repos;;;
Non;;;;;;
Non;;;;;;
Oui;;Circulation;;;;
Non;Aucun;;;;;
Non;;;Repos;;;
Non;Aucun;;;;;
Non;;;Repos;;;
Non;;;Repos;;;
Non;Aucun;;;;;
Non;;;;;;
Non;Aucun;;;;;
Non;;;Repos;;;
Non;Aucun;;;;;
Non;Aucun;;;;;
Non;Aucun;;;;;
Non;;;;;;
Non;;;Repos;;;
Non;;;Repos;;;
Non;Aucun;;;;;
Non;;;;;;
Non;;;Repos;;;
Non;Aucun;;;;;
Non;;;Repos;;;
Non;Aucun;;;;;
Non;Aucun;;;;;
Non;Aucun;;;;;
Non;Aucun;;;;;
Non;;;Repos;;;
Non;;;;;Contamination;
Non;;;;Nature;Contamination;
Non;;;;;;
Non;Aucun;;;;;
Non;;;Repos;;;
Non;Aucun;;;;;
Non;Aucun;;;;;
Non;Aucun;;;;;
Non;;;;Nature;;
Oui;;;;;;
Oui;;;;Nature;;
Non;;;;;;Economie
Non;Aucun;;;;;
Non;;;;;;
Oui;;;Repos;;;
Non;;;;;;
Non;Aucun;;;;;
Non;Aucun;;;;;
Non;;;;;;
Non;Aucun;;;;;
Non;;;;;;
Non;;;;Nature;;
Non;;Circulation;;;;
Non;Aucun;;;;;
Non;;;Repos;;;
Non;;;;;;
Non;Aucun;;;;;
Oui;Aucun;;;;;
Non;;;;;;
Non;Aucun;;;;;
Non;Aucun;;;;;
Non;;;;;;
Non;Aucun;;;;;
Non;Aucun;;;;;
Non;;;;;;
Non;Aucun;;;;;
Non;;;Repos;;;Economie
Non;Aucun;;;;;
Non;;;Repos;;;
Non;Aucun;;;;;
Non;;;;;;Economie
Non;;;Repos;;;
Non;;;;;;
Non;;;Repos;;;
Non;Aucun;;;;;
Non;Aucun;;;;;
Non;Aucun;;;;;
Non;Aucun;;;;;
Non;Aucun;;;;;
Non;;;Repos;;;
Non;;;;;;
Non;;;;;;
Non;Aucun;;;;;
Non;Aucun;;;;;
Non;;;Repos;;;
Non;;;;;;
Non;;;;;;
Non;;;Repos;;;
Non;;;;;;
Non;;;;;;
Non;;;;;;
Non;Aucun;;;;;
Non;;;Repos;;;
Non;;;Repos;;;
Non;;;Repos;;;
Non;;;Repos;;;Economie
Non;;;Repos;;;
Non;Aucun;;;;;
Non;Aucun;;;;;
Oui;Aucun;;;;;
Non;Aucun;;;;;
Non;Aucun;;;;;
Non;;;;;;
Non;;;;;;
Non;;;Repos;;;
Non;;;;;;
Non;Aucun;;;;;
Non;;;Repos;;;
Non;;;;;;
Non;Aucun;;;;;
Non;;;Repos;;;
Non;Aucun;;;;;
Non;;;Repos;;;
Non;Aucun;;;;;
Non;Aucun;;;;;
Non;Aucun;;;;;
Non;Aucun;;;;;
Non;;;Repos;;;
Non;Aucun;;;;;
Non;Aucun;;;;;
Non;;;;;;
Non;;;;;;
Non;;;;;;
Non;Aucun;;;;;
Non;Aucun;;;;;
Non;Aucun;;;;;
Non;Aucun;;;;;
Oui;;;Repos;;;
Non;Aucun;;;;;
Non;;;;Nature;;
Non;Aucun;;;;;
Non;;;Repos;;;
Oui;;;;;;Economie
Non;;;;Nature;;
Non;;Circulation;;Nature;;
Non;;;Repos;;;
Non;Aucun;;;;;
Non;Aucun;;;;;
Non;;;Repos;;;
Non;Aucun;;;;;
Non;;;;;;
Non;Aucun;;;;;
Non;;;Repos;;;
Oui;;;;;;
Non;;;;;;
Non;;;;;;
Non;Aucun;;;;;
Non;;;;;;
Non;;;;;;
Oui;Aucun;;;;;
Oui;;;;;;
Non;Aucun;;;;;
Non;;;;;;
Non;;;;;;
Non;Aucun;;;;;
Non;;;;;;
Non;;;;;;
Non;;;Repos;;;
Non;;;Repos;;;
Non;Aucun;;;;;
Non;Aucun;;;;;
Non;;;;;;
Non;;;;;;Economie
Non;Aucun;;;;;
Non;;;;;;
Non;;;Repos;;;
Non;;;;;;
Oui;;;Repos;;;
Non;;;;;;
Non;Aucun;;;;;
Non;;;;Nature;;
Non;;;;;;
Non;;;;;;
Non;;;;;;
Non;Aucun;;;;;
Non;;Circulation;;;;
Non;;;;;;
Non;;;;;;
Non;;;;;;
Non;;;;;;
Non;;;;;;
Oui;;;;;;
Non;;;;;;
Non;;;;;;
Non;Aucun;;;;;
Non;;;;;;
Non;;;;;;Economie
Non;;;;;;
Oui;;;Repos;;;
Non;;;Repos;;;
Non;Aucun;;;;;
Non;;;;;;
Non;;;;;;
Non;;;Repos;;;
Non;;;;;;
Non;Aucun;;;;;
Oui;Aucun;;;;;
Oui;Aucun;;;;;
Non;;;Repos;;;
Non;;;Repos;;;
Non;;;Repos;;;
Non;;;Repos;;;
Non;;Circulation;Repos;;;
Non;;;Repos;;;
Oui;;;Repos;;;
Non;;;;;;
Non;;;Repos;;;
Oui;Aucun;;;;;
Non;;;;;;
Non;Aucun;;;;;
Non;;;;;;
Non;;Circulation;;;;
Non;;;;;;
Non;Aucun;;;;;
Non;Aucun;;;;;
Non;;;Repos;;;
Non;;;Repos;;;
Non;;;;;;Economie
Non;;;;;Contamination;
Non;Aucun;;;;;
Non;;;Repos;;;
Oui;;;;;;
Non;;;Repos;;;
Non;;;Repos;;;
Non;Aucun;;;;;
Non;Aucun;;;;;
Non;;;;;;
Non;Aucun;;;;;
Non;Aucun;;;;;
Non;;;Repos;Nature;;
Non;Aucun;;;;;
Non;;;Repos;;;
Non;Aucun;;;;;
Non;;;;;;
Non;Aucun;;;;;
Non;;;Repos;;;Economie
Non;;;;;;
Non;;;;Nature;;
Non;;;;;;
Non;;;;Nature;;
Non;Aucun;;;;;
Non;Aucun;;;;;
Non;Aucun;;;;;
Non;;;;;;
Non;;;Repos;;;
Non;;;;;;
Non;;;;;;
Non;;Circulation;;;;
Non;;;Repos;Nature;;
Non;;;;;;
Non;;;;;;
Oui;;;;;;
Non;;;;;;
Non;;;Repos;;;
Oui;Aucun;;;;;
Non;;;Repos;;;
Non;;;;;;
Non;;;;;;
Non;Aucun;;;;;
Non;Aucun;;;;;
Non;Aucun;;;;;
Oui;Aucun;;;;;
Non;Aucun;;;;;
Non;;;Repos;Nature;;
Non;;;;;;
Non;Aucun;;;;;
Oui;;;;;;
Non;;;;;;Economie
Oui;;;;Nature;;
Non;;;;;;
Non;;;;;;
Non;;;;;;
Non;Aucun;;;;;
Non;;Circulation;;;;
Non;;;Repos;;;
Non;Aucun;;;;;
Non;;;Repos;;;
Non;Aucun;;;;;
Oui;;;Repos;;;
Non;;;;;;
Non;;;Repos;;;
Non;Aucun;;;;;
Non;;;Repos;;;
Non;Aucun;;;;;
Non;;;;;Contamination;
Non;;;Repos;;;
Non;;;;;;
Non;;;Repos;;;
Non;;;;;;
Non;;;Repos;;;
Non;Aucun;;;;;
Non;;;;;;
Non;;;Repos;;;
Non;Aucun;;;;;
Non;;;Repos;;;
Oui;;;Repos;;;
Non;Aucun;;;;;
Non;;;Repos;;;
Non;;;Repos;;;
Non;;;Repos;;;
Non;;;;;Contamination;
Non;Aucun;;;;;
Non;;;Repos;;;
Non;Aucun;;;;;
Non;;;Repos;;;
Non;;;Repos;;;
Non;Aucun;;;;;
Oui;;;;;;Economie
Oui;Aucun;;;;;
Oui;Aucun;;;;;
Oui;;;Repos;;;
Oui;Aucun;;;;;
Non;;;;Nature;;
Non;;;Repos;;;
Non;;;;Nature;;
Oui;;;Repos;;;
Non;;;;;;
Non;Aucun;;;;;
Non;;;;;;
Non;;;;;;
Non;Aucun;;;;;
Non;;;Repos;;;
Oui;Aucun;;;;;
Non;;;Repos;;;
Non;;;Repos;;;
Non;;;Repos;;;
Non;Aucun;;;;;
Non;Aucun;;;;;
Oui;;;Repos;Nature;;
Non;;;;;;
Non;;;Repos;;;
Non;;Circulation;;Nature;;
Oui;;;Repos;Nature;;
Non;Aucun;;;;;
Non;Aucun;;;;;
Non;Aucun;;;;;
Oui;Aucun;;;;;
Non;;;Repos;;;
Non;Aucun;;;;;
Non;;;Repos;;;
Oui;;;Repos;;;
Non;;;Repos;;;
Non;;;Repos;;;
Non;;;;Nature;;
Non;Aucun;;;;;
Non;;;;;;
Non;;;;;Contamination;Economie
Oui;Aucun;;;;;
Non;;;;;;
Non;;;Repos;;;
Non;;;Repos;;;
Non;;;;;;Economie
Oui;Aucun;;;;;
Non;;;;;;
Non;;;;;;
Oui;;;;;;
Non;;;;;;
Oui;Aucun;;;;;
Non;;;Repos;;;
Non;;;;;;
Non;Aucun;;;;;
Non;Aucun;;;;;
Oui;;;;;;
Oui;;;;;;Economie
Non;;;;;;
Non;;;Repos;;;
Non;;;Repos;;;
Non;Aucun;;;;;
Non;Aucun;;;;;
Non;;;;;;
Non;Aucun;;;;;
Non;;;;;;
Non;Aucun;;;;;
Non;Aucun;;;;;
Non;;;;;;
Non;;;;;;
Non;Aucun;;;;;
Non;;;;;;
Non;;;Repos;;;
Non;;;Repos;;;
Oui;;;;;;
Non;;;;;;
Non;;;;;;
Non;;;;;;
Oui;Aucun;;;;;
Non;Aucun;;;;;
Oui;Aucun;;;;;
Non;;;;;;
Oui;;;;Nature;;
Non;;;;;;
Oui;;;;;;
Non;Aucun;;;;;
Non;;;;;;
Non;;;Repos;;;
Non;;;;;;
Non;;;;;;
Oui;Aucun;;;;;
Non;;;Repos;;;
Oui;Aucun;;;;;
Non;;;;;;
Non;;;Repos;;;
Oui;;;;;;
Non;;;;Nature;;
Non;;;;;;
Non;;;Repos;;;
Non;;;;;;Economie
Oui;;;Repos;;;
Non;;;;;;
Non;;;;;;
Non;;;;;;
Non;;;;;;
Oui;Aucun;;;;;
Non;;;Repos;;;
Non;Aucun;;;;;
Non;;;;;;
Non;;;Repos;;;
Oui;Aucun;;;;;
Non;Aucun;;;;;
Non;Aucun;;;;;
Non;;;Repos;;;
Non;Aucun;;;;;
Non;;;;;;
Non;Aucun;;;;;
Non;Aucun;;;;;
Non;;;Repos;;;
Non;;;;;;
Non;;;;;;
Non;Aucun;;;;;
Non;;;;;;
Non;Aucun;;;;;
Non;;;;;;
Non;Aucun;;;;;
Non;;;;;;
Non;;;Repos;;;
Non;;;;;;
Oui;;;Repos;;;
Non;;;;;;
Non;;;Repos;;;
Non;;;;;Contamination;
Oui;Aucun;;;;;
Oui;;;Repos;;;
Non;;;Repos;;;
Oui;;;Repos;;;
Oui;;;;;;
Non;Aucun;;;;;
Non;;;Repos;;;
Non;;;;;;
Oui;Aucun;;;;;
Oui;;;;;;
Non;;;;;Contamination;
Non;;;Repos;;;
Non;Aucun;;;;;
Non;;;Repos;;;
Oui;Aucun;;;;;
Non;;;Repos;;;
Non;;Circulation;;;;
Oui;;Circulation;;;;
Non;;;Repos;;;
Oui;;;;;;
Non;;Circulation;;;;
Oui;;;Repos;;;
Non;;;Repos;;;
Non;;;Repos;;;
Non;Aucun;;;;;
Non;;;Repos;;;
Non;Aucun;;;;;
Oui;Aucun;;;;;
Oui;;;;;;
Non;;;Repos;;;
Non;;;Repos;;;Economie
Non;Aucun;;;;;
Non;;;Repos;;;
Non;;;;;;
Oui;;;;;;
Non;;;;;;
Non;Aucun;;;;;
Non;Aucun;;;;;
Non;;;Repos;;;
Non;;;Repos;Nature;;
Non;Aucun;;;;;
Oui;;;Repos;Nature;;
Non;;;;Nature;;Economie
Non;;;;;Contamination;
Non;;Circulation;Repos;;;
Non;;;Repos;;;
Non;Aucun;;;;;
Non;Aucun;;;;;
Oui;;;Repos;;;
Non;Aucun;;;;;
Non;;;;;Contamination;
Non;;;Repos;;;
Non;Aucun;;;;;
Non;Aucun;;;;;
Non;;;;;;
Oui;;;;;;
Non;;;Repos;;;
Non;Aucun;;;;;
Oui;Aucun;;;;;
Non;;;Repos;;;
Non;Aucun;;;;;
Non;;;Repos;;;
Non;;;;;;
Non;Aucun;;;;;
Non;;;Repos;;;
Oui;Aucun;;;;;
Oui;;;;;;
Non;Aucun;;;;;
Non;;;Repos;Nature;;
Non;;;;Nature;;
Non;;;;;;
Non;;;;;;
Non;Aucun;;;;;
Non;Aucun;;;;;
Non;Aucun;;;;;
Non;;;;;;Economie
Non;;;;;;
Non;;;Repos;;;
Non;;;;;Contamination;Economie
Oui;;;;;;
Non;;;Repos;;;
Non;Aucun;;;;;
Non;;;Repos;;;
Non;Aucun;;;;;
Non;;;Repos;;;
Non;Aucun;;;;;
Non;;;Repos;;;
Non;;;;;;
Non;;;Repos;;;Economie
Non;Aucun;;;;;
Non;Aucun;;;;;
Non;;;Repos;;;
Non;;;;;;
Non;;;;;;
Oui;;;;;;
Oui;;;;;;
Non;Aucun;;;;;
Non;;;Repos;;;
Non;;;Repos;;;
Non;;;;;;
Non;;;Repos;;;
Non;Aucun;;;;;
Non;;;;;;
Non;Aucun;;;;;
Non;;;;;;
Non;;;;;Contamination;
Non;Aucun;;;;;
Oui;Aucun;;;;;
Non;;;;;;
Non;Aucun;;;;;
Non;;Circulation;;;;
Non;;;;;;
Non;;;;;;
Non;;;;;;
Non;;;Repos;;;
Non;Aucun;;;;;
Non;;Circulation;;Nature;;
Non;Aucun;;;;;
Non;Aucun;;;;;
Non;;;;Nature;;
Non;Aucun;;;;;
Non;;;;Nature;;
Oui;Aucun;;;;;
Oui;Aucun;;;;;
Non;;;;;;
Oui;Aucun;;;;;
Non;;;;;;
Non;;;Repos;;;
Oui;;;;;Contamination;
Non;;;Repos;;;
Non;;;Repos;;;
Non;Aucun;;;;;
Non;;;;;;
Non;;;Repos;;;
Non;Aucun;;;;;
Non;;Circulation;;;;
Non;;;;;;
Non;;;;;;
Non;;;;;;
Non;;;;;;
Non;;;;;;
Non;;;;;;
Non;;;Repos;;Contamination;
Non;;;Repos;;;
Oui;;;;;;
Non;Aucun;;;;;
Non;Aucun;;;;;
Non;;;Repos;;;
Non;;;;;Contamination;
Oui;;;Repos;Nature;;
Non;Aucun;;;;;
Non;;;Repos;;;
Non;Aucun;;;;;
Non;;Circulation;Repos;Nature;;
Non;;;Repos;;;
Non;;;Repos;;;
Non;Aucun;;;;;
Oui;;;;;;
Non;Aucun;;;;;
Non;Aucun;;;;;
Non;;;;;;
Non;;;Repos;;;
Non;;;Repos;;;
Non;;;Repos;;;
Non;;;;;;
Non;Aucun;;;;;
Non;;Circulation;;Nature;;
Non;;;;;;
Non;Aucun;;;;;
Non;;;;;;
Non;Aucun;;;;;
Non;;;;;;
Non;;;;;;
Non;;;Repos;;;
Non;Aucun;;;;;
Non;Aucun;;;;;
Non;;;Repos;;;
Non;Aucun;;;;;
Non;Aucun;;;;;
Non;Aucun;;;;;
Non;Aucun;;;;;
Non;;;;;;
Oui;;;;;;
Oui;;;;;;
Non;;;Repos;;;
Oui;;;;;;
Non;;;;;;
Oui;Aucun;;;;;
Non;;;;;;
Non;;;Repos;;;
Oui;;;Repos;Nature;;
Non;;;Repos;;;
Non;;;;;;
Non;;;;;;
Non;Aucun;;;;;
Non;;;;;;
Non;Aucun;;;;;
Non;;;Repos;;;
Oui;Aucun;;;;;
Non;;;;Nature;;
Oui;Aucun;;;;;
Non;;;;;;
Non;Aucun;;;;;
Non;;;;;;
Non;Aucun;;;;;
Non;Aucun;;;;;
Non;;;;;;
Non;Aucun;;;;;
Oui;;;Repos;;;
Non;Aucun;;;;;
Non;;;Repos;;;
Non;;;Repos;;;
Non;Aucun;;;;;
Non;;;;;;
Non;;;;;;
Non;;;Repos;;;
Non;Aucun;;;;;
Non;;;;;;
Non;Aucun;;;;;
Non;Aucun;;;;;
Non;Aucun;;;;;
Non;Aucun;;;;;
Non;;Circulation;;;;
Non;Aucun;;;;;
Non;Aucun;;;;;
Non;;;;Nature;;
Non;;;;;;
Non;Aucun;;;;;
Non;;Circulation;;;;
Non;Aucun;;;;;
Oui;;;Repos;;;
Non;Aucun;;;;;
Non;;;;;;Economie
Non;;;Repos;;;
Oui;Aucun;;;;;
Non;;;Repos;;;
Non;;;Repos;;;
Oui;;;;;;
Non;;;;;;
Non;Aucun;;;;;
Non;;;Repos;;;
Non;;;;;Contamination;
Non;;;Repos;;;
Oui;;;Repos;;;
Non;;;Repos;;;
Non;;;Repos;;;
Non;;;;;;Economie
Oui;;;;;Contamination;
Non;;Circulation;;Nature;;
Non;;;Repos;;;
Non;;;Repos;;;
Non;Aucun;;;;;
Non;;;;;;
Non;;;;;;Economie
Non;;;;;;
Non;;;Repos;;;
Non;;;Repos;;;
Oui;;;Repos;;;
Non;;;Repos;;;
Non;Aucun;;;;;
Non;Aucun;;;;;
Non;Aucun;;;;;
Non;;;;;;
Non;;;Repos;;;
Oui;Aucun;;;;;
Non;Aucun;;;;;
Non;;;;Nature;;
Non;Aucun;;;;;
Non;Aucun;;;;;
Non;;Circulation;Repos;;;
Non;Aucun;;;;;
Non;;;;;;
Non;;;;;;
