Changement de moto en 2020 ?;3 premiers mots - Liberte;3 premiers mots - Bonheur;3 premiers mots - Balade;3 premiers mots - Securite;3 premiers mots - Social
Oui;;;Balade;;Social
Non;Liberté;Bonheur;Balade;;
Non;;Bonheur;;;
Non;Liberté;;Balade;;
Oui;Liberté;;Balade;;
Non;Liberté;;Balade;;Social
Non;;;Balade;;
Non;Liberté;Bonheur;Balade;;
Non;Liberté;;Balade;;Social
Non;Liberté;;Balade;;
Non;;;Balade;;Social
Non;Liberté;Bonheur;;;Social
Non;;;Balade;;
Non;Liberté;Bonheur;Balade;;
Oui;Liberté;;Balade;;
Non;Liberté;;;;
Non;;;;Sécurité;
Non;;;Balade;;
Non;;;Balade;;Social
Non;;Bonheur;Balade;;
Non;;;;;Social
Oui;;Bonheur;;;
Non;;;Balade;;
Oui;Liberté;;;;
Non;;;Balade;;Social
Non;;;;;
Non;;;;;
Non;;Bonheur;;;
Non;;;Balade;;
Non;;Bonheur;;;
Non;Liberté;Bonheur;Balade;;
Non;;;Balade;;
Non;;Bonheur;;;
Non;;Bonheur;;;
Non;;;Balade;;
Non;;Bonheur;;;
Non;Liberté;;Balade;;
Non;;;;;
Non;Liberté;;Balade;;
Non;Liberté;Bonheur;;;
Non;Liberté;;Balade;;
Non;;;Balade;;
Non;;;Balade;;
Non;Liberté;;;;Social
Non;;Bonheur;Balade;;
Non;;;;;
Non;;;Balade;;
Non;Liberté;;Balade;;
Non;;;;;
Non;Liberté;;Balade;;
Non;Liberté;Bonheur;;;
Oui;;;Balade;;Social
Non;;;;;
Non;;;;;
Non;Liberté;;Balade;;
Non;;Bonheur;;;
Non;;;Balade;;
Non;Liberté;;;;
Non;Liberté;;;;
Non;;Bonheur;;;
Non;Liberté;;Balade;;Social
Non;Liberté;;;;
Non;;;Balade;;
Non;;;;;
Non;Liberté;;Balade;;
Non;;Bonheur;Balade;;
Non;;;;;
Non;;Bonheur;;;
Non;;;Balade;;
Non;;;Balade;;
Oui;Liberté;;;;
Non;;Bonheur;Balade;;Social
Oui;Liberté;;;;
Non;;;;Sécurité;
Non;;;;;
Non;Liberté;Bonheur;;;
Non;;;Balade;;
Non;Liberté;Bonheur;;;
Non;;;Balade;;
Non;Liberté;;;;
Non;Liberté;;;;
Non;;;Balade;;Social
Non;;;;;
Non;Liberté;;;;
Non;Liberté;Bonheur;Balade;;
Non;Liberté;Bonheur;Balade;;
Non;Liberté;;;;
Non;;Bonheur;Balade;;
Oui;;;Balade;;
Non;;;Balade;;
Non;Liberté;Bonheur;;;
Non;;;;;
Non;;;Balade;;Social
Non;;;Balade;;
Non;;Bonheur;;;
Non;Liberté;;;;
Non;Liberté;Bonheur;;;
Non;Liberté;Bonheur;Balade;;
Oui;;;Balade;;Social
Non;Liberté;Bonheur;Balade;;
Non;Liberté;;;;
Non;Liberté;;;;Social
Non;;;;;
Non;;;;;Social
Non;;;;;
Non;;Bonheur;Balade;;
Non;;;Balade;;
Non;;;Balade;;Social
Non;;;Balade;;Social
Non;;;;;
Non;;;;;
Non;;;;;
Non;Liberté;;;;
Non;;Bonheur;Balade;;
Oui;Liberté;Bonheur;;;
Non;;;Balade;;Social
Oui;;;;;
Oui;;Bonheur;Balade;;
Oui;;;;;
Oui;;Bonheur;;;
Non;;;;;
Non;;;;;
Non;;;Balade;;
Non;Liberté;;;;
Oui;Liberté;;;;
Non;;Bonheur;;;
Non;Liberté;;Balade;;
Non;Liberté;;Balade;;
Non;;;Balade;;
Non;Liberté;Bonheur;;;
Oui;Liberté;;Balade;Sécurité;
Non;;Bonheur;Balade;;
Non;Liberté;Bonheur;Balade;;
Non;;;Balade;;
Non;Liberté;Bonheur;;;
Non;;;Balade;;Social
Non;;;Balade;;
Non;;;Balade;;
Non;Liberté;Bonheur;;;
Non;;;Balade;;Social
Non;Liberté;Bonheur;;;
Non;;;Balade;;
Non;;;;;
Non;Liberté;Bonheur;;;
Non;Liberté;Bonheur;;;
Non;;;Balade;;
Non;;;Balade;;
Non;;;;;
Non;Liberté;;Balade;;
Oui;Liberté;;Balade;;
Non;Liberté;;;;
Non;;;Balade;;
Non;;Bonheur;;;
Non;;Bonheur;;;
Non;Liberté;;Balade;;
Non;Liberté;;;;
Oui;;;;;
Non;Liberté;;Balade;;
Non;;;Balade;;Social
Non;Liberté;;Balade;;
Non;;Bonheur;;;
Non;Liberté;Bonheur;Balade;;
Oui;;;Balade;;Social
Non;;;Balade;;
Non;;;;;
Non;;;Balade;;
Non;;;Balade;;
Non;Liberté;Bonheur;Balade;;
Oui;;;Balade;;
Non;Liberté;;;Sécurité;
Oui;;;;;
Non;Liberté;;;;
Non;;;Balade;;
Non;;;Balade;;
Non;;Bonheur;;;
Non;;Bonheur;Balade;;
Non;Liberté;;Balade;;
Oui;;Bonheur;Balade;;Social
Non;Liberté;;;;
Non;Liberté;Bonheur;;;
Non;;;Balade;;
Non;Liberté;;;;
Non;;Bonheur;;;
Non;Liberté;;Balade;;Social
Non;;Bonheur;Balade;;
Non;;Bonheur;Balade;;
Non;Liberté;;Balade;;
Non;Liberté;;Balade;;
Oui;;Bonheur;Balade;;
Non;;;Balade;;
Non;;Bonheur;Balade;;
Oui;Liberté;;;;
Non;;;Balade;;
Non;;Bonheur;;;
Oui;;Bonheur;;;
Oui;Liberté;;Balade;;
Non;Liberté;;;;
Non;Liberté;;;;
Non;Liberté;Bonheur;;;Social
Non;;;Balade;;
Oui;;;;;
Non;;;Balade;;Social
Non;;;;;
Non;;;;;
Non;;Bonheur;;;
Non;;;Balade;;
Non;Liberté;Bonheur;Balade;;
Non;Liberté;;;;
Non;;;Balade;;Social
Non;Liberté;;Balade;;Social
Non;Liberté;;;;
Non;;Bonheur;;;
Oui;;Bonheur;Balade;;Social
Oui;Liberté;Bonheur;;;
Non;;;Balade;;
Non;Liberté;;Balade;;
Non;;;Balade;;
Non;;;;;
Non;;Bonheur;Balade;;
Non;;;Balade;;
Non;Liberté;Bonheur;;;
Non;;;Balade;;Social
Non;Liberté;Bonheur;;;
Non;Liberté;Bonheur;;;
Non;Liberté;;;;
Non;Liberté;Bonheur;Balade;;
Non;;;;;
Oui;Liberté;;Balade;;Social
Non;;;Balade;;Social
Non;;Bonheur;Balade;;
Oui;;;Balade;;
Non;;;;;
Oui;;Bonheur;;;
Non;Liberté;;;;
Non;;;Balade;;
Non;Liberté;;;;
Non;;Bonheur;;Sécurité;
Non;;;Balade;;
Non;;;Balade;;Social
Oui;;Bonheur;;;
Non;;;Balade;;
Non;;;Balade;;Social
Oui;;Bonheur;;;
Non;Liberté;;Balade;;
Non;Liberté;;Balade;;
Oui;;;Balade;;Social
Non;;;;;
Non;;;;;
Non;Liberté;Bonheur;;;
Non;;;Balade;;Social
Non;;Bonheur;;;
Oui;;;;;
Oui;;Bonheur;Balade;;
Oui;;Bonheur;;;
Non;;;Balade;;
Oui;;;;;
Oui;Liberté;Bonheur;Balade;;
Non;;Bonheur;Balade;;
Non;Liberté;Bonheur;;;
Non;;;;Sécurité;
Non;;;Balade;;
Non;;;Balade;;
Oui;;;Balade;;
Non;;Bonheur;;;Social
Non;Liberté;Bonheur;;;
Non;Liberté;;Balade;;
Non;Liberté;;;;
Non;Liberté;;;;
Oui;;;Balade;;
Non;Liberté;;Balade;;
Non;Liberté;Bonheur;;;
Non;;;Balade;;
Non;;Bonheur;Balade;;
Non;Liberté;;Balade;;
Oui;Liberté;Bonheur;Balade;;
Non;;;Balade;;
Oui;Liberté;Bonheur;;;
Oui;;Bonheur;Balade;;Social
Non;Liberté;;;;
Oui;;;;;
Non;;;;;
Oui;Liberté;;;;
Non;Liberté;;;;
Non;;Bonheur;Balade;;
Non;;;Balade;;
Non;;;;;
Non;;;Balade;;Social
Non;Liberté;;Balade;;
Non;Liberté;;Balade;;
Non;;;Balade;;
Non;Liberté;;;;
Non;Liberté;Bonheur;;;
Oui;Liberté;;Balade;;
Non;Liberté;Bonheur;Balade;;
Non;Liberté;;Balade;;
Oui;;;Balade;;Social
Non;Liberté;;Balade;;
Non;Liberté;Bonheur;;;Social
Non;Liberté;;;;
Non;;;;;
Oui;Liberté;Bonheur;;;
Non;Liberté;Bonheur;;;
Non;;Bonheur;Balade;;Social
Non;;Bonheur;Balade;;
Oui;;;;;
Non;;;Balade;;Social
Non;Liberté;;Balade;;Social
Non;Liberté;;Balade;;
Non;Liberté;;;;
Non;;;;;Social
Non;Liberté;;;;
Non;Liberté;;Balade;;Social
Non;;;Balade;;
Oui;;;Balade;;
Non;;;;;
Oui;Liberté;Bonheur;;;
Non;Liberté;;Balade;;
Oui;Liberté;;;;
Non;Liberté;Bonheur;Balade;;
Non;;;;;
Non;;Bonheur;;;
Non;;;;;
Non;Liberté;;Balade;;
Non;;;Balade;;
Non;Liberté;;;;
Non;;;Balade;;
Non;;Bonheur;Balade;;
Non;;;Balade;;Social
Non;;Bonheur;;;
Non;;;Balade;;
Non;;;Balade;;
Non;;Bonheur;Balade;;
Non;;;Balade;;
Non;;;Balade;;
Non;;;Balade;;
Non;;;;;
Oui;;;;Sécurité;
Non;;;;;
Non;;;Balade;;
Non;Liberté;Bonheur;Balade;;
Non;Liberté;;Balade;;Social
Non;Liberté;;;;
Non;;;Balade;;
Non;Liberté;;Balade;;
Non;;Bonheur;Balade;;
Non;;;Balade;;
Non;;;Balade;;Social
Non;;Bonheur;;;
Non;;;;;
Non;Liberté;Bonheur;Balade;;
Non;;;Balade;;
Oui;;;Balade;;
Non;;;;;
Non;;Bonheur;;;
Non;;;Balade;;
Non;;Bonheur;;;Social
Non;;Bonheur;Balade;;Social
Non;Liberté;Bonheur;;;
Non;;;Balade;;
Non;;;Balade;;Social
Non;Liberté;;;;
Non;Liberté;;;;
Non;Liberté;Bonheur;;;Social
Non;;;;;
Non;;;;;
Non;;Bonheur;;;
Non;;;Balade;;
Oui;Liberté;Bonheur;;;
Non;Liberté;Bonheur;;;
Non;;Bonheur;;Sécurité;
Non;Liberté;;;;
Non;Liberté;;;;
Non;;Bonheur;;;
Non;;;Balade;;
Non;;Bonheur;Balade;;
Non;Liberté;;Balade;;
Oui;Liberté;Bonheur;;;
Non;Liberté;;Balade;;
Oui;;;;;
Non;;;Balade;;
Non;Liberté;;Balade;;
Oui;Liberté;Bonheur;Balade;;
Non;Liberté;Bonheur;Balade;;
Non;Liberté;;Balade;;
Non;Liberté;;;;
Non;;;Balade;;
Non;;Bonheur;Balade;;
Non;;;;;
Non;Liberté;;Balade;;
Non;Liberté;;Balade;;
Non;Liberté;Bonheur;;;
Non;Liberté;Bonheur;;;
Non;Liberté;;;;
Non;Liberté;;;;
Non;;;Balade;;
Non;;;;Sécurité;
Non;Liberté;;;;
Non;Liberté;Bonheur;Balade;;
Non;Liberté;;Balade;;
Non;;;;;
Oui;;;Balade;;
Oui;Liberté;;Balade;;
Non;Liberté;;Balade;;
Oui;;;Balade;;
Oui;;;Balade;;
Non;;Bonheur;Balade;;
Non;Liberté;Bonheur;Balade;;
Non;;;;;
Oui;;Bonheur;;;
Non;Liberté;;;;
Non;;Bonheur;;;
Non;;;Balade;;
Non;Liberté;;;;
Non;;;;Sécurité;
Non;Liberté;;Balade;;
Non;;Bonheur;;;
Non;Liberté;;Balade;;Social
Non;Liberté;Bonheur;;;
Non;Liberté;Bonheur;Balade;;
Non;Liberté;Bonheur;;;
Non;;;Balade;;
Non;;;;;
Oui;Liberté;;Balade;;
Oui;;Bonheur;;;
Non;;;;;
Non;Liberté;Bonheur;;;
Non;;Bonheur;;;
Non;Liberté;;;;
Non;;;Balade;;
Non;;;Balade;;
Non;Liberté;;Balade;;
Non;Liberté;Bonheur;;;
Non;Liberté;;;Sécurité;
Non;Liberté;;Balade;;
Non;;;;;
Oui;;;;;
Non;Liberté;Bonheur;;;
Oui;;;;;
Non;;;;;
Oui;Liberté;;;;
Non;;;;;
Non;;Bonheur;;;
Non;;;;Sécurité;
Non;;;Balade;;
Oui;;Bonheur;;;
Oui;;Bonheur;;;
Non;;;Balade;;
Non;Liberté;;Balade;;
Non;Liberté;;;;
Non;Liberté;;;;
Oui;;;Balade;;Social
Non;;Bonheur;;;
Non;;Bonheur;;;
Non;;Bonheur;;;
Non;Liberté;;Balade;;
Non;Liberté;;Balade;;
Non;Liberté;Bonheur;;;
Non;Liberté;;Balade;;
Non;;;Balade;;
Non;;;Balade;;
Non;;;;;
Non;Liberté;;;Sécurité;
Non;Liberté;;;;Social
Non;Liberté;Bonheur;Balade;;
Non;;;;;
Non;;;;Sécurité;
Non;;;;;
Oui;Liberté;;;;
Non;;;Balade;;
Oui;Liberté;Bonheur;Balade;;
Oui;;;Balade;;
Non;Liberté;Bonheur;;;
Non;;;;;
Non;Liberté;Bonheur;;;
Non;;;;;
Non;;Bonheur;;;
Non;Liberté;;Balade;;
Non;;;;;
Non;;Bonheur;;;
Non;Liberté;;Balade;;
Non;;Bonheur;Balade;;
Non;Liberté;Bonheur;;;
Oui;;;;;
Non;Liberté;;;;
Non;;Bonheur;;;Social
Oui;;Bonheur;;;
Non;Liberté;Bonheur;;;
Non;Liberté;Bonheur;;;
Non;Liberté;;;;
Non;;;Balade;;
Non;;;;;
Non;Liberté;;;;
Non;;;;;
Oui;Liberté;Bonheur;;;
Non;;;Balade;;
Non;Liberté;Bonheur;;;Social
Non;;;Balade;;
Non;;;Balade;;
Non;;;;;
Non;Liberté;Bonheur;Balade;;
Non;;;Balade;;
Oui;Liberté;;;;
Non;Liberté;;Balade;;Social
Non;Liberté;;Balade;;
Non;;;Balade;;
Non;Liberté;;Balade;;
Non;;Bonheur;Balade;;
Non;Liberté;Bonheur;Balade;;
Non;;Bonheur;;;
Non;;Bonheur;Balade;;
Non;;;Balade;;
Oui;;;Balade;;
Non;;Bonheur;Balade;;
Non;Liberté;;;;
Non;;Bonheur;Balade;;
Non;;;Balade;;
Non;Liberté;Bonheur;;;
Non;Liberté;Bonheur;;;
Non;;;Balade;;Social
Non;;;;;
Non;Liberté;Bonheur;;;
Non;;;Balade;;
Oui;;;Balade;;
Non;;Bonheur;Balade;;Social
Non;;;Balade;;
Non;Liberté;;;;
Non;;;Balade;;
Non;Liberté;;;;
Non;Liberté;Bonheur;;;
Non;Liberté;Bonheur;Balade;;
Non;Liberté;;;;
Non;Liberté;;;Sécurité;
Non;Liberté;;;;
Non;Liberté;;Balade;;
Non;;;;;Social
Non;Liberté;;Balade;;
Non;;Bonheur;;;
Non;Liberté;;;;
Non;;;;;
Non;Liberté;;;;
Non;;Bonheur;;;
Non;;;;;
Non;Liberté;;;;
Non;;;Balade;;
Non;;;Balade;;
Non;;;Balade;;
Non;;Bonheur;;;Social
Non;Liberté;;;;
Non;Liberté;;Balade;;
Non;;;Balade;;
Non;;;;Sécurité;
Non;;Bonheur;Balade;;
Non;;Bonheur;;;
Non;Liberté;;;;
Non;Liberté;Bonheur;;;
Non;;Bonheur;;;Social
Non;Liberté;Bonheur;;;
Oui;;;Balade;;
Oui;;Bonheur;;;
Non;Liberté;;;;
Non;;;Balade;;Social
Non;;;;;
Oui;Liberté;Bonheur;;;
Non;;;Balade;;
Non;;Bonheur;Balade;;
Non;;;;;
Non;Liberté;;Balade;;
Non;;;;;
Non;Liberté;;;;
Non;;Bonheur;Balade;;
Non;Liberté;;;;
Non;;Bonheur;Balade;;Social
Non;Liberté;Bonheur;;;
Non;Liberté;Bonheur;;;
Non;Liberté;;;;
Oui;;Bonheur;Balade;;
Non;;;Balade;;
Non;;;;;
Non;Liberté;Bonheur;;;
Non;Liberté;Bonheur;;;
Non;Liberté;Bonheur;Balade;;
Non;Liberté;;Balade;;
Non;;;Balade;;
Non;;;Balade;;Social
Non;;Bonheur;Balade;;
Non;Liberté;;;;
Non;Liberté;;;;
Non;Liberté;Bonheur;;;
Non;Liberté;;;;
Non;;Bonheur;;;
Non;Liberté;;;Sécurité;
Non;;;Balade;;Social
Non;;Bonheur;;;
Non;;Bonheur;Balade;;
Non;;;Balade;;Social
Non;;Bonheur;;;
Non;;;Balade;;
Non;Liberté;;;;Social
Non;;Bonheur;Balade;;
Non;;Bonheur;Balade;;
Non;;Bonheur;;;Social
Non;;;;;
Non;;Bonheur;;Sécurité;
Non;;;;;
Non;;Bonheur;Balade;;
Non;;Bonheur;;;
Non;;;;;
Non;;Bonheur;;;
Non;;;;;
Non;;;;;
Non;;;Balade;;
Non;;Bonheur;;Sécurité;
Non;Liberté;;;;
Non;;;Balade;;
Non;;Bonheur;Balade;;
Non;;Bonheur;;;
Non;Liberté;;;Sécurité;
Oui;Liberté;Bonheur;;;
Non;Liberté;Bonheur;;;
Non;Liberté;;;;
Non;;Bonheur;;;
Non;Liberté;;;;
Non;;Bonheur;;;
Non;;;Balade;;
Non;;;Balade;;Social
Non;Liberté;;;;
Non;Liberté;;Balade;;
Non;;;Balade;;
Non;Liberté;;Balade;;
Non;;Bonheur;;;
Non;;Bonheur;;;
Non;;;;;
Non;;;Balade;;
Non;;;;;
Non;Liberté;;;;
Non;;Bonheur;;;
Non;;;Balade;;
Non;;Bonheur;;;
Non;;;Balade;;
Non;;;Balade;;
Non;;;Balade;;Social
Non;Liberté;;;;
Non;Liberté;;;Sécurité;
Non;;;Balade;;
Non;Liberté;;Balade;;Social
Oui;;Bonheur;;;
Non;;;Balade;;
Non;Liberté;;;;
Non;;;;;
Non;;;Balade;;Social
Oui;;;Balade;;
Non;Liberté;;;;
Non;Liberté;Bonheur;;;
Non;Liberté;;;;
Non;Liberté;Bonheur;;;
Non;Liberté;;Balade;;Social
Non;;;Balade;;Social
Non;;Bonheur;Balade;;
Non;Liberté;;;;
Non;Liberté;;;;
Non;;;Balade;;Social
Oui;;;Balade;;
Non;Liberté;;;;
Non;;;Balade;;
Non;;Bonheur;Balade;;
Non;;Bonheur;;;
Non;;;;;
Oui;;;;;Social
Oui;;;;;
Non;;Bonheur;;;
Non;;;;;
Non;;;Balade;;
Non;;Bonheur;Balade;;
Non;;;Balade;;
Non;;;Balade;;
Non;Liberté;Bonheur;Balade;;
Non;Liberté;;;Sécurité;
Non;Liberté;;;;
Non;Liberté;;;;
Non;;Bonheur;Balade;;
Non;;;Balade;;Social
Non;Liberté;Bonheur;Balade;;
Non;Liberté;Bonheur;;;
Non;Liberté;;Balade;;
Non;;;Balade;;
Oui;;;Balade;;Social
Non;Liberté;;Balade;;Social
Non;;;Balade;;
Non;;;;;
Non;;;;;
Non;Liberté;Bonheur;;;
Non;Liberté;;Balade;;
Non;Liberté;;;;
Non;Liberté;Bonheur;;;
Non;Liberté;;;;Social
Non;;;;;
Non;;;Balade;;Social
Non;Liberté;Bonheur;;;
Non;;;Balade;;
Oui;;;;Sécurité;
Non;;Bonheur;Balade;;
Non;Liberté;;;;
Non;;;;;
Non;;;;;
Non;;;;;
Non;;Bonheur;Balade;;
Oui;;;;;
Non;;;Balade;;Social
Non;;;;;
Non;;;Balade;;
Non;;Bonheur;Balade;;
Non;;;;;
Non;;;;;
Non;;;;;
Oui;;Bonheur;Balade;;
Oui;;;;;
Non;;;Balade;;
Non;Liberté;Bonheur;;;
Non;;;Balade;;
Non;;;;;
Non;Liberté;Bonheur;;;
Non;;;Balade;;
Oui;Liberté;;;;Social
Non;Liberté;Bonheur;;;
Non;Liberté;;Balade;;
Oui;Liberté;;;;
Non;Liberté;;;;
Non;;Bonheur;;;
Non;;;;;
Non;Liberté;Bonheur;;;Social
Non;;;;;
Non;Liberté;;Balade;;
Non;Liberté;;Balade;;
Non;;;Balade;;
Non;Liberté;Bonheur;Balade;;
Non;Liberté;Bonheur;;;
Non;;;;;Social
Non;Liberté;;;;
Non;Liberté;Bonheur;Balade;;
Oui;Liberté;Bonheur;;;Social
Non;Liberté;;;;Social
Non;;;Balade;;
Non;Liberté;Bonheur;;;
Non;Liberté;Bonheur;Balade;;
Non;;;Balade;;
Non;;Bonheur;;;
Non;Liberté;;Balade;;Social
Non;;;;;
Non;Liberté;Bonheur;;;
Non;Liberté;Bonheur;;;
Non;Liberté;Bonheur;;;
Non;;;Balade;;
Non;;;;;
Non;;;Balade;;
Non;;;Balade;;
Non;Liberté;;Balade;;
Non;;;Balade;;
Non;Liberté;;;;
Non;;;Balade;;
Non;Liberté;;;Sécurité;
Non;Liberté;;;;
Non;Liberté;;Balade;;
Non;;;;;
Non;Liberté;Bonheur;;;
Non;;Bonheur;;;
Non;Liberté;Bonheur;;;
Non;Liberté;Bonheur;;;
Non;Liberté;;Balade;;
Non;;Bonheur;;;
Oui;;;Balade;;Social
Non;;;Balade;;
Non;;;Balade;;Social
Oui;Liberté;Bonheur;Balade;;
Non;Liberté;;Balade;;
Non;;;Balade;;
Non;;;;;
Non;;;Balade;;
Non;;Bonheur;;;
Non;Liberté;Bonheur;;;
Oui;;;Balade;;
Non;Liberté;;Balade;;Social
Non;Liberté;Bonheur;Balade;;
Non;;;Balade;;
Non;;;;;
Oui;;;Balade;;
Non;;Bonheur;;;Social
Oui;Liberté;Bonheur;;;
Non;Liberté;;;;
Non;;;Balade;;Social
Non;;;;;
Non;;Bonheur;;;
Non;;Bonheur;Balade;;
Non;Liberté;Bonheur;;;
Non;;;Balade;;Social
Non;;Bonheur;Balade;;
Non;Liberté;;;;
Oui;Liberté;Bonheur;;;
Non;Liberté;;;;Social
Non;;;;;Social
Non;Liberté;;Balade;;
Non;;;Balade;;
Non;;;Balade;;
Non;Liberté;;;;Social
Non;;Bonheur;;;
Non;;;Balade;;Social
Non;Liberté;;Balade;;
Non;;Bonheur;Balade;;
Non;;Bonheur;;;Social
Non;;Bonheur;Balade;;
Non;Liberté;Bonheur;;;
Non;;Bonheur;;Sécurité;
Non;;;;;Social
Non;Liberté;Bonheur;Balade;;
Oui;;;Balade;;
Non;Liberté;;;;
Non;;;Balade;;Social
Non;;;Balade;;
Non;;;Balade;;
Non;Liberté;;Balade;;
Non;Liberté;Bonheur;;;
Non;;Bonheur;;;
Non;;;Balade;;Social
Non;Liberté;;Balade;;
Non;;;Balade;;
Non;;;Balade;;
Oui;;Bonheur;Balade;;Social
Oui;;;;;Social
Oui;;Bonheur;;;
Oui;;;Balade;;
Oui;;;Balade;;
Non;Liberté;Bonheur;Balade;;Social
Non;Liberté;;Balade;;
Non;;;Balade;;
Oui;;;;;
Non;Liberté;Bonheur;;;
Non;Liberté;Bonheur;;;
Non;;Bonheur;;;
Non;;;;;
Non;Liberté;Bonheur;;;
Non;;Bonheur;;;
Oui;;;Balade;;
Non;Liberté;;;;
Non;Liberté;;;;
Non;Liberté;;Balade;;
Non;;;;Sécurité;
Non;;Bonheur;;;
Oui;;;;;
Non;;;Balade;;
Non;Liberté;;;;
Non;Liberté;;Balade;;
Oui;Liberté;;Balade;;Social
Non;;;;Sécurité;
Non;;;Balade;;
Non;Liberté;;Balade;;
Oui;Liberté;;Balade;;
Non;Liberté;;Balade;;
Non;;;Balade;;
Non;;Bonheur;;;
Oui;;;;Sécurité;
Non;Liberté;;Balade;;Social
Non;;;Balade;;
Non;Liberté;;;;
Non;Liberté;Bonheur;;;
Non;;;;;
Non;;;;;
Oui;Liberté;;;;
Non;Liberté;;;;
Non;Liberté;;Balade;Sécurité;
Non;Liberté;;;;
Non;;Bonheur;Balade;;
Oui;;;Balade;;
Non;;;;Sécurité;
Non;;;Balade;;
Oui;;Bonheur;;;
Non;;;;;
Oui;;;Balade;;
Non;;;;;
Non;;;;;
Non;;;Balade;;
Non;;;Balade;;
Oui;Liberté;;;;
Oui;Liberté;;Balade;;
Non;Liberté;Bonheur;;;
Non;Liberté;;;;
Non;;;Balade;;
Non;Liberté;Bonheur;;;
Non;Liberté;Bonheur;Balade;;
Non;Liberté;;Balade;;
Non;Liberté;Bonheur;;;
Non;;;;;Social
Non;;;;;
Non;;;Balade;;
Non;Liberté;;Balade;;
Non;;;;;
Non;;;Balade;;
Non;;Bonheur;;Sécurité;
Non;;Bonheur;Balade;;
Non;Liberté;Bonheur;Balade;;
Oui;;Bonheur;;;
Non;;;;;Social
Non;;;;;
Non;;Bonheur;;;
Oui;Liberté;;;;
Non;;Bonheur;Balade;;
Oui;Liberté;;;;
Non;;Bonheur;Balade;;Social
Oui;Liberté;Bonheur;Balade;;
Non;;Bonheur;;;
Oui;Liberté;;;;
Non;;;;;
Non;;;;;
Non;Liberté;;Balade;;Social
Non;;;Balade;;
Non;Liberté;;;;
Oui;Liberté;Bonheur;;;
Non;Liberté;;Balade;;Social
Oui;Liberté;;;;
Non;Liberté;;;;
Non;;;Balade;;
Oui;Liberté;;;;
Non;;;;;
Non;;;;;
Non;Liberté;;;Sécurité;
Non;;;Balade;;
Oui;Liberté;;;;
Non;;;;;
Non;;;;;
Non;;;Balade;;Social
Non;Liberté;Bonheur;;;
Oui;Liberté;;;;
Non;;;Balade;;
Non;Liberté;;Balade;;
Non;Liberté;;;;
Non;Liberté;;Balade;;
Oui;Liberté;Bonheur;;;
Non;Liberté;;;;
Non;;;;;
Non;;Bonheur;;;
Non;;;Balade;;
Non;Liberté;Bonheur;;;
Non;;;;;
Non;Liberté;;Balade;;
Non;;Bonheur;;;
Non;;;Balade;;Social
Non;;;;;
Non;;;Balade;;
Non;;Bonheur;Balade;;
Non;;Bonheur;Balade;;Social
Non;;;Balade;;Social
Non;;;;;
Non;;;Balade;;Social
Non;;;Balade;;
Non;;;Balade;;Social
Oui;;Bonheur;Balade;;
Non;Liberté;;;Sécurité;
Non;Liberté;Bonheur;Balade;;
Non;;Bonheur;;;
Oui;Liberté;;;;
Oui;Liberté;;;;Social
Non;Liberté;;Balade;;
Oui;Liberté;;;;
Oui;;Bonheur;Balade;;
Non;Liberté;;Balade;;Social
Non;Liberté;Bonheur;;;
Non;;;Balade;;
Oui;Liberté;;Balade;;
Oui;;Bonheur;;;
Non;Liberté;;Balade;;
Non;;Bonheur;Balade;;
Non;;Bonheur;Balade;;
Non;;;;;
Oui;Liberté;;Balade;;
Non;Liberté;;Balade;;
Non;;;;;
Oui;Liberté;Bonheur;;;
Non;;;Balade;;Social
Oui;;;;;Social
Non;;Bonheur;Balade;;
Oui;Liberté;Bonheur;;;
Non;;;Balade;;
Non;;;Balade;;Social
Non;Liberté;;;;
Non;;Bonheur;Balade;;
Non;Liberté;;;;
Oui;;Bonheur;;;
Oui;;;;;
Non;Liberté;;Balade;;Social
Non;Liberté;Bonheur;Balade;;
Non;Liberté;;;;
Non;;;;;
Non;;;Balade;;
Oui;Liberté;;Balade;;
Non;;;;;
Non;Liberté;;Balade;;
Non;;;Balade;;
Non;Liberté;Bonheur;;;
Non;Liberté;;;;
Non;Liberté;;;;
Oui;;;;;
Non;;;;;
Non;Liberté;;;;
Non;Liberté;Bonheur;;;
Non;;;Balade;;
Non;;;;;
Non;;;;;
Oui;Liberté;;Balade;;
Non;;;;;
Non;Liberté;Bonheur;;;
Non;;;Balade;;Social
Non;Liberté;;;;
Non;;Bonheur;;;
Non;;;;;
Oui;Liberté;Bonheur;Balade;;
Non;Liberté;Bonheur;;;
Non;;;;;
Oui;;;;;
Non;Liberté;;Balade;;Social
Non;Liberté;Bonheur;;;
Non;Liberté;Bonheur;;;
Non;Liberté;;Balade;;
Non;;Bonheur;;;Social
Non;;;;;
Oui;;;Balade;;Social
Oui;;;;;
Non;;;;;
Non;;Bonheur;;;
Non;Liberté;Bonheur;;;
Non;;;;;
Non;Liberté;;Balade;;
Non;;;;;Social
Non;;;;;
Non;;;Balade;;
Non;;;Balade;;
Non;Liberté;;;;
Non;;;;;
Non;Liberté;Bonheur;Balade;;
Oui;;;Balade;;
Non;Liberté;;;;
Non;;;;;
Non;;;Balade;;
Non;;;;Sécurité;
Non;;;Balade;;
Non;;;Balade;;Social
Non;Liberté;;;Sécurité;
Non;Liberté;;;;
Non;;;Balade;;
Non;;;;;
Non;;Bonheur;;;
Non;;;;;
Non;;;;;
Non;;;;;
Oui;Liberté;;Balade;;
Oui;;;Balade;;
Non;;;;;
Non;;Bonheur;;;
Non;Liberté;Bonheur;Balade;;Social
Non;Liberté;;Balade;;Social
Non;Liberté;Bonheur;;Sécurité;
Non;Liberté;Bonheur;;;
Non;;;Balade;;
Non;;;;;
Non;Liberté;;Balade;;Social
Non;;Bonheur;;;
Non;Liberté;Bonheur;;;
Oui;;;Balade;;
Non;Liberté;;Balade;;
Non;;Bonheur;Balade;;
Non;Liberté;;;Sécurité;
Non;;;;;
Non;;;Balade;;Social
Non;Liberté;;;;
Non;;;;Sécurité;
Non;;;Balade;;
Non;;Bonheur;;;
Non;;;Balade;;Social
Non;Liberté;Bonheur;;;
Non;;Bonheur;;;
Non;;;Balade;;
Non;;;Balade;;
Oui;;;Balade;;
Oui;Liberté;;;;Social
Non;Liberté;Bonheur;;;
Oui;;;Balade;;
Non;Liberté;Bonheur;;;
Non;;;Balade;;Social
Oui;;;Balade;;
Non;;Bonheur;Balade;;
Non;;;;;
Non;;;Balade;;Social
Non;;;Balade;;Social
Non;Liberté;Bonheur;Balade;;
Non;Liberté;Bonheur;;;
Non;;;Balade;;
Non;Liberté;Bonheur;;;
Non;Liberté;;Balade;;Social
Non;;;;;Social
Non;;;Balade;;Social
Non;;;Balade;;Social
Non;Liberté;;;;
Non;Liberté;;Balade;;
Non;;;Balade;;
Oui;Liberté;;Balade;;
Non;;;;;
Non;;;Balade;;
Non;Liberté;;Balade;;
Non;Liberté;;Balade;;
Oui;;;;;
Non;;;;;
Non;Liberté;Bonheur;;;
Non;Liberté;;;;
Non;Liberté;;;;
Non;Liberté;Bonheur;;;
Non;Liberté;Bonheur;;;
Non;Liberté;;;;
Oui;Liberté;;;;
Non;;Bonheur;;;
Non;;;;;
Non;;;;;
Non;;;;;
Non;;Bonheur;;;
Non;;;;;
Non;;;Balade;;
Non;Liberté;Bonheur;;;
Non;;;Balade;;Social
Non;Liberté;;;;
Non;Liberté;;;;
Non;;;Balade;;
Non;;;;;
Non;Liberté;;;;
Non;;Bonheur;Balade;;
Non;Liberté;;Balade;;Social
Non;;Bonheur;Balade;;
Non;;;;;
Non;Liberté;Bonheur;Balade;;
Non;;;Balade;;
Non;Liberté;;;;
Non;Liberté;;Balade;;
Non;Liberté;;Balade;;
Non;;;Balade;;
Oui;Liberté;;Balade;Sécurité;
Oui;Liberté;;;Sécurité;
Non;;Bonheur;;;
Oui;;;Balade;;
Non;;Bonheur;Balade;;
Oui;;Bonheur;;;
Non;Liberté;;;;Social
Non;Liberté;;Balade;;
Oui;Liberté;;;;
Non;;;Balade;;Social
Non;Liberté;Bonheur;;;
Non;;;;;
Non;;;Balade;;
Non;;Bonheur;Balade;;
Non;;;Balade;;
Non;;;Balade;;
Oui;;;;;
Non;Liberté;;Balade;;
Oui;;Bonheur;Balade;;Social
Non;Liberté;;;Sécurité;
Non;;;Balade;;
Non;;;;;
Non;;;;;
Non;Liberté;;;;
Non;;;;;
Non;Liberté;Bonheur;Balade;;
Oui;;;Balade;;Social
Non;Liberté;;;;
Non;Liberté;;Balade;;
Non;Liberté;;;;
Non;Liberté;Bonheur;;;
Non;;;Balade;;
Non;Liberté;;;;
Non;;;;;
Non;;;Balade;;
Non;;;Balade;;
Non;;Bonheur;;;
Non;;;;;
Non;;;;;
Non;Liberté;;;;Social
Non;Liberté;;;;
Non;Liberté;;;;
Non;;Bonheur;Balade;;
Non;;;Balade;;
Non;;;Balade;;
Non;;;Balade;;
Non;Liberté;Bonheur;;;
Non;;;Balade;;
Oui;;;;;
Non;;;Balade;;
Non;Liberté;;;;
Non;;;Balade;;
Oui;Liberté;;Balade;;
Non;Liberté;Bonheur;;;
Non;;;;;
Oui;;Bonheur;;;
Non;;;;;
Non;Liberté;;;;
Non;Liberté;Bonheur;Balade;;
Non;Liberté;Bonheur;Balade;;
Non;Liberté;Bonheur;;;
Oui;Liberté;;Balade;;
Non;;;;;
Non;;;Balade;;
Non;;;Balade;;Social
Oui;;;;;Social
Non;;;Balade;;
Non;Liberté;;;;
Non;;;Balade;;Social
Non;Liberté;;Balade;;Social
Non;Liberté;;Balade;;
Non;;;Balade;;
Non;Liberté;Bonheur;;;
Non;;;;;Social
Non;Liberté;;;;
Oui;;Bonheur;Balade;;
Non;;;Balade;;
Non;Liberté;Bonheur;;;
Non;;;Balade;;Social
Non;;;;;
Non;Liberté;;Balade;;
Non;;;Balade;;
Oui;;Bonheur;;;
Non;;;;;
Non;;;;;
Non;Liberté;Bonheur;Balade;;
Non;;;Balade;;
Non;;;Balade;;
Non;;;Balade;;
Non;;;Balade;;
Non;;;Balade;;
